,instance_id,music_genre
0,MSC_70753.0,Classical
1,MSC_24064.0,Rock
2,MSC_22731.0,Rock
3,MSC_32095.0,Rock
4,MSC_24198.0,Jazz
5,MSC_69624.0,Rap
6,MSC_33498.0,Jazz
7,MSC_87791.0,Rap
8,MSC_70849.0,Rock
9,MSC_63394.0,Rock
10,MSC_60355.0,Rock
11,MSC_21923.0,Jazz
12,MSC_58064.0,Rap
13,MSC_88317.0,Rock
14,MSC_41479.0,Rock
15,MSC_45508.0,Classical
16,MSC_64271.0,Jazz
17,MSC_63671.0,Classical
18,MSC_86129.0,Rap
19,MSC_69485.0,Rap
20,MSC_34453.0,Rap
21,MSC_85190.0,Jazz
22,MSC_75862.0,Classical
23,MSC_69933.0,Rap
24,MSC_60559.0,Classical
25,MSC_49214.0,Rap
26,MSC_85991.0,Rock
27,MSC_27341.0,Jazz
28,MSC_75435.0,Rock
29,MSC_72925.0,Rock
30,MSC_88652.0,Rock
31,MSC_43190.0,Rock
32,MSC_28066.0,Rap
33,MSC_76421.0,Rock
34,MSC_43378.0,Classical
35,MSC_70119.0,Jazz
36,MSC_71881.0,Classical
37,MSC_86399.0,Rock
38,MSC_74001.0,Rock
39,MSC_32338.0,Rock
40,MSC_43610.0,Jazz
41,MSC_20556.0,Rap
42,MSC_82323.0,Rap
43,MSC_75764.0,Classical
44,MSC_77970.0,Classical
45,MSC_56719.0,Rock
46,MSC_28746.0,Jazz
47,MSC_73146.0,Jazz
48,MSC_49841.0,Classical
49,MSC_43731.0,Classical
50,MSC_62683.0,Rock
51,MSC_74192.0,Rock
52,MSC_75012.0,Classical
53,MSC_76686.0,Classical
54,MSC_74295.0,Rock
55,MSC_67127.0,Rap
56,MSC_35864.0,Rock
57,MSC_61965.0,Jazz
58,MSC_65716.0,Rock
59,MSC_67368.0,Rock
60,MSC_54504.0,Rock
61,MSC_26178.0,Rock
62,MSC_65846.0,Rap
63,MSC_67882.0,Classical
64,MSC_43339.0,Classical
65,MSC_75279.0,Jazz
66,MSC_70541.0,Classical
67,MSC_33433.0,Jazz
68,MSC_56398.0,Rock
69,MSC_37291.0,Rap
70,MSC_42361.0,Rock
71,MSC_79925.0,Rap
72,MSC_22756.0,Classical
73,MSC_33109.0,Jazz
74,MSC_47944.0,Jazz
75,MSC_77621.0,Classical
76,MSC_36495.0,Classical
77,MSC_41393.0,Rap
78,MSC_32534.0,Rock
79,MSC_69636.0,Rock
80,MSC_86713.0,Rock
81,MSC_79666.0,Rap
82,MSC_39829.0,Jazz
83,MSC_36143.0,Classical
84,MSC_54917.0,Rock
85,MSC_62562.0,Jazz
86,MSC_49648.0,Rock
87,MSC_82654.0,Country
88,MSC_70077.0,Rap
89,MSC_33949.0,Rap
90,MSC_85286.0,Classical
91,MSC_65304.0,Jazz
92,MSC_69476.0,Classical
93,MSC_47435.0,Rock
94,MSC_52893.0,Classical
95,MSC_86157.0,Classical
96,MSC_73498.0,Classical
97,MSC_55948.0,Rock
98,MSC_76453.0,Rap
99,MSC_86916.0,Classical
100,MSC_61989.0,Rap
101,MSC_63382.0,Classical
102,MSC_37856.0,Classical
103,MSC_41539.0,Rock
104,MSC_67431.0,Jazz
105,MSC_32657.0,Jazz
106,MSC_71478.0,Jazz
107,MSC_57104.0,Rock
108,MSC_62610.0,Rap
109,MSC_46226.0,Rap
110,MSC_25157.0,Classical
111,MSC_68801.0,Classical
112,MSC_24267.0,Rock
113,MSC_80310.0,Electronic
114,MSC_32964.0,Rock
115,MSC_35358.0,Classical
116,MSC_31102.0,Rock
117,MSC_91516.0,Rock
118,MSC_83188.0,Rock
119,MSC_68565.0,Rap
120,MSC_57905.0,Rap
121,MSC_65038.0,Jazz
122,MSC_50242.0,Rock
123,MSC_74003.0,Classical
124,MSC_27558.0,Rock
125,MSC_30272.0,Rap
126,MSC_65113.0,Rock
127,MSC_69132.0,Rock
128,MSC_78933.0,Classical
129,MSC_76896.0,Jazz
130,MSC_65925.0,Rap
131,MSC_86224.0,Classical
132,MSC_55201.0,Rock
133,MSC_72754.0,Rap
134,MSC_48238.0,Jazz
135,MSC_31791.0,Classical
136,MSC_39455.0,Classical
137,MSC_74007.0,Classical
138,MSC_83810.0,Rap
139,MSC_51127.0,Classical
140,MSC_44378.0,Rap
141,MSC_66817.0,Classical
142,MSC_71691.0,Classical
143,MSC_25906.0,Rock
144,MSC_44302.0,Classical
145,MSC_40828.0,Rock
146,MSC_69828.0,Rap
147,MSC_53216.0,Classical
148,MSC_84063.0,Jazz
149,MSC_87516.0,Classical
150,MSC_40318.0,Rap
151,MSC_23640.0,Jazz
152,MSC_29591.0,Rock
153,MSC_86270.0,Rock
154,MSC_81596.0,Classical
155,MSC_82237.0,Classical
156,MSC_34780.0,Rap
157,MSC_78392.0,Jazz
158,MSC_37662.0,Rap
159,MSC_57533.0,Jazz
160,MSC_27102.0,Jazz
161,MSC_63966.0,Jazz
162,MSC_21986.0,Rock
163,MSC_22193.0,Jazz
164,MSC_82696.0,Rock
165,MSC_34208.0,Rock
166,MSC_20953.0,Classical
167,MSC_35804.0,Classical
168,MSC_63248.0,Jazz
169,MSC_70121.0,Rap
170,MSC_62402.0,Rock
171,MSC_37673.0,Jazz
172,MSC_26666.0,Rock
173,MSC_21529.0,Jazz
174,MSC_80898.0,Rock
175,MSC_89856.0,Rock
176,MSC_45043.0,Rock
177,MSC_33018.0,Rock
178,MSC_21542.0,Jazz
179,MSC_62808.0,Jazz
180,MSC_47474.0,Rock
181,MSC_49142.0,Rock
182,MSC_42064.0,Jazz
183,MSC_82118.0,Classical
184,MSC_74793.0,Jazz
185,MSC_69819.0,Rap
186,MSC_76745.0,Rock
187,MSC_52772.0,Rap
188,MSC_60469.0,Country
189,MSC_75602.0,Classical
190,MSC_77229.0,Rock
191,MSC_40027.0,Jazz
192,MSC_81048.0,Rock
193,MSC_59841.0,Rock
194,MSC_77749.0,Rock
195,MSC_48578.0,Electronic
196,MSC_41317.0,Classical
197,MSC_38709.0,Rock
198,MSC_51029.0,Rap
199,MSC_44893.0,Classical
200,MSC_41949.0,Rock
201,MSC_57323.0,Rap
202,MSC_65887.0,Rap
203,MSC_71225.0,Classical
204,MSC_47845.0,Rock
205,MSC_28062.0,Classical
206,MSC_62606.0,Rock
207,MSC_83707.0,Jazz
208,MSC_52934.0,Jazz
209,MSC_83092.0,Classical
210,MSC_29300.0,Rock
211,MSC_58354.0,Rock
212,MSC_30101.0,Rap
213,MSC_23214.0,Rap
214,MSC_64508.0,Jazz
215,MSC_76019.0,Rap
216,MSC_30164.0,Jazz
217,MSC_54847.0,Rock
218,MSC_35500.0,Rock
219,MSC_20263.0,Classical
220,MSC_33244.0,Rock
221,MSC_72641.0,Classical
222,MSC_39277.0,Classical
223,MSC_79675.0,Rock
224,MSC_54270.0,Rock
225,MSC_69726.0,Rock
226,MSC_54670.0,Rock
227,MSC_83671.0,Rock
228,MSC_79085.0,Classical
229,MSC_60856.0,Rap
230,MSC_84758.0,Jazz
231,MSC_91385.0,Jazz
232,MSC_49585.0,Rock
233,MSC_64839.0,Rock
234,MSC_39136.0,Classical
235,MSC_30821.0,Jazz
236,MSC_67034.0,Jazz
237,MSC_83395.0,Classical
238,MSC_54810.0,Rap
239,MSC_64998.0,Classical
240,MSC_60346.0,Jazz
241,MSC_79978.0,Rap
242,MSC_26651.0,Rock
243,MSC_64430.0,Classical
244,MSC_63117.0,Classical
245,MSC_89397.0,Classical
246,MSC_53351.0,Rap
247,MSC_88251.0,Rock
248,MSC_33621.0,Jazz
249,MSC_81697.0,Classical
250,MSC_66866.0,Classical
251,MSC_26622.0,Classical
252,MSC_24415.0,Rap
253,MSC_49110.0,Rap
254,MSC_33580.0,Classical
255,MSC_37195.0,Classical
256,MSC_89277.0,Jazz
257,MSC_81822.0,Rap
258,MSC_30423.0,Rock
259,MSC_41458.0,Rap
260,MSC_49399.0,Jazz
261,MSC_89329.0,Classical
262,MSC_37822.0,Classical
263,MSC_36154.0,Rock
264,MSC_61020.0,Rap
265,MSC_63621.0,Rock
266,MSC_54085.0,Rap
267,MSC_78378.0,Rock
268,MSC_26776.0,Jazz
269,MSC_40790.0,Rock
270,MSC_40516.0,Classical
271,MSC_24934.0,Classical
272,MSC_74727.0,Rock
273,MSC_30217.0,Classical
274,MSC_77946.0,Rock
275,MSC_87387.0,Rap
276,MSC_59088.0,Rap
277,MSC_89306.0,Rap
278,MSC_78557.0,Rock
279,MSC_75784.0,Country
280,MSC_20785.0,Classical
281,MSC_87794.0,Rock
282,MSC_78457.0,Rock
283,MSC_47364.0,Rap
284,MSC_67967.0,Jazz
285,MSC_63212.0,Jazz
286,MSC_40022.0,Classical
287,MSC_51405.0,Rock
288,MSC_27116.0,Jazz
289,MSC_39799.0,Jazz
290,MSC_78673.0,Jazz
291,MSC_23085.0,Jazz
292,MSC_55937.0,Jazz
293,MSC_88419.0,Rock
294,MSC_43077.0,Country
295,MSC_70788.0,Rap
296,MSC_36868.0,Classical
297,MSC_60656.0,Classical
298,MSC_30083.0,Rock
299,MSC_49442.0,Rock
300,MSC_81733.0,Rock
301,MSC_42518.0,Classical
302,MSC_80749.0,Rock
303,MSC_39581.0,Classical
304,MSC_48531.0,Jazz
305,MSC_50156.0,Rock
306,MSC_63042.0,Classical
307,MSC_54525.0,Jazz
308,MSC_82637.0,Classical
309,MSC_20760.0,Jazz
310,MSC_43696.0,Rap
311,MSC_23004.0,Classical
312,MSC_34380.0,Classical
313,MSC_59377.0,Classical
314,MSC_78984.0,Rock
315,MSC_40770.0,Rock
316,MSC_85652.0,Jazz
317,MSC_65378.0,Rock
318,MSC_38283.0,Jazz
319,MSC_62374.0,Jazz
320,MSC_38045.0,Rap
321,MSC_75190.0,Jazz
322,MSC_40590.0,Classical
323,MSC_62118.0,Rock
324,MSC_53382.0,Classical
325,MSC_38494.0,Rap
326,MSC_42639.0,Rap
327,MSC_71155.0,Rock
328,MSC_37794.0,Classical
329,MSC_78168.0,Jazz
330,MSC_36543.0,Rock
331,MSC_55594.0,Rock
332,MSC_71373.0,Classical
333,MSC_68960.0,Rap
334,MSC_21914.0,Rap
335,MSC_55525.0,Jazz
336,MSC_56018.0,Rock
337,MSC_71324.0,Rap
338,MSC_73193.0,Jazz
339,MSC_47122.0,Rap
340,MSC_81081.0,Classical
341,MSC_83475.0,Rap
342,MSC_68034.0,Jazz
343,MSC_88910.0,Classical
344,MSC_22536.0,Rap
345,MSC_46399.0,Classical
346,MSC_58168.0,Rap
347,MSC_70391.0,Rap
348,MSC_37369.0,Classical
349,MSC_49582.0,Jazz
350,MSC_32940.0,Classical
351,MSC_72560.0,Classical
352,MSC_69996.0,Country
353,MSC_32220.0,Rock
354,MSC_60774.0,Jazz
355,MSC_23210.0,Rap
356,MSC_65790.0,Classical
357,MSC_40708.0,Rock
358,MSC_35784.0,Jazz
359,MSC_67779.0,Rock
360,MSC_26459.0,Rap
361,MSC_20542.0,Classical
362,MSC_59717.0,Rock
363,MSC_53659.0,Classical
364,MSC_81814.0,Jazz
365,MSC_37727.0,Rock
366,MSC_23705.0,Classical
367,MSC_60185.0,Rap
368,MSC_90643.0,Rock
369,MSC_82668.0,Jazz
370,MSC_46879.0,Classical
371,MSC_89981.0,Jazz
372,MSC_54541.0,Rap
373,MSC_68213.0,Rap
374,MSC_30132.0,Rock
375,MSC_41094.0,Jazz
376,MSC_85111.0,Classical
377,MSC_32717.0,Classical
378,MSC_47153.0,Rap
379,MSC_27609.0,Rock
380,MSC_29621.0,Classical
381,MSC_26172.0,Rock
382,MSC_49866.0,Jazz
383,MSC_22412.0,Classical
384,MSC_24780.0,Jazz
385,MSC_46401.0,Rap
386,MSC_49960.0,Rock
387,MSC_25768.0,Jazz
388,MSC_46017.0,Jazz
389,MSC_70356.0,Rock
390,MSC_90433.0,Jazz
391,MSC_51245.0,Classical
392,MSC_72693.0,Classical
393,MSC_75785.0,Rock
394,MSC_21146.0,Rap
395,MSC_54313.0,Classical
396,MSC_58752.0,Rock
397,MSC_40654.0,Classical
398,MSC_50907.0,Classical
399,MSC_32529.0,Jazz
400,MSC_58288.0,Classical
401,MSC_81305.0,Rock
402,MSC_83581.0,Jazz
403,MSC_80860.0,Rap
404,MSC_37765.0,Rap
405,MSC_77780.0,Electronic
406,MSC_74224.0,Jazz
407,MSC_75788.0,Rap
408,MSC_21308.0,Rap
409,MSC_27118.0,Classical
410,MSC_23884.0,Rap
411,MSC_44241.0,Rap
412,MSC_48332.0,Rap
413,MSC_67532.0,Rock
414,MSC_68681.0,Rap
415,MSC_51395.0,Rap
416,MSC_74364.0,Classical
417,MSC_65331.0,Classical
418,MSC_37901.0,Classical
419,MSC_80007.0,Jazz
420,MSC_45104.0,Classical
421,MSC_75691.0,Jazz
422,MSC_38896.0,Rock
423,MSC_63442.0,Classical
424,MSC_25960.0,Rock
425,MSC_50709.0,Rap
426,MSC_73083.0,Classical
427,MSC_51455.0,Rock
428,MSC_64445.0,Rock
429,MSC_58636.0,Rock
430,MSC_88020.0,Rock
431,MSC_56709.0,Rap
432,MSC_76044.0,Classical
433,MSC_81210.0,Rap
434,MSC_69671.0,Classical
435,MSC_77516.0,Rock
436,MSC_34928.0,Jazz
437,MSC_74777.0,Rap
438,MSC_54236.0,Rock
439,MSC_40826.0,Jazz
440,MSC_56971.0,Rock
441,MSC_37406.0,Jazz
442,MSC_40338.0,Rock
443,MSC_48502.0,Rap
444,MSC_90788.0,Rock
445,MSC_56064.0,Jazz
446,MSC_73683.0,Rap
447,MSC_74691.0,Classical
448,MSC_28613.0,Rock
449,MSC_26768.0,Classical
450,MSC_36782.0,Jazz
451,MSC_30286.0,Rock
452,MSC_33103.0,Classical
453,MSC_50776.0,Jazz
454,MSC_63720.0,Rap
455,MSC_49953.0,Jazz
456,MSC_46174.0,Classical
457,MSC_24708.0,Classical
458,MSC_80829.0,Classical
459,MSC_39701.0,Jazz
460,MSC_60564.0,Jazz
461,MSC_89610.0,Rock
462,MSC_85579.0,Rap
463,MSC_56527.0,Classical
464,MSC_82713.0,Rock
465,MSC_41484.0,Rock
466,MSC_59047.0,Rap
467,MSC_59182.0,Rap
468,MSC_68721.0,Classical
469,MSC_69976.0,Rap
470,MSC_83634.0,Jazz
471,MSC_58656.0,Rock
472,MSC_47338.0,Rock
473,MSC_67509.0,Rap
474,MSC_84846.0,Rap
475,MSC_49009.0,Rap
476,MSC_60799.0,Jazz
477,MSC_83721.0,Classical
478,MSC_52810.0,Rap
479,MSC_33638.0,Rap
480,MSC_29458.0,Classical
481,MSC_77914.0,Rock
482,MSC_43284.0,Rock
483,MSC_38809.0,Classical
484,MSC_42619.0,Jazz
485,MSC_63260.0,Rap
486,MSC_77041.0,Rock
487,MSC_82411.0,Rock
488,MSC_62589.0,Rap
489,MSC_40341.0,Jazz
490,MSC_78487.0,Jazz
491,MSC_54342.0,Jazz
492,MSC_49493.0,Classical
493,MSC_58912.0,Rock
494,MSC_63416.0,Jazz
495,MSC_77760.0,Rap
496,MSC_74795.0,Classical
497,MSC_91160.0,Electronic
498,MSC_61526.0,Rock
499,MSC_38528.0,Rap
500,MSC_45879.0,Rock
501,MSC_55699.0,Rock
502,MSC_77323.0,Rock
503,MSC_30203.0,Rock
504,MSC_56552.0,Rap
505,MSC_44273.0,Classical
506,MSC_48164.0,Jazz
507,MSC_85359.0,Rock
508,MSC_71425.0,Rap
509,MSC_84881.0,Classical
510,MSC_36712.0,Rap
511,MSC_68896.0,Rap
512,MSC_33130.0,Rock
513,MSC_73621.0,Rock
514,MSC_69734.0,Rap
515,MSC_65839.0,Classical
516,MSC_47914.0,Classical
517,MSC_54439.0,Rock
518,MSC_50680.0,Classical
519,MSC_42240.0,Rock
520,MSC_79422.0,Rock
521,MSC_78452.0,Rock
522,MSC_53230.0,Classical
523,MSC_70676.0,Rap
524,MSC_20044.0,Rap
525,MSC_78371.0,Rock
526,MSC_67492.0,Classical
527,MSC_90586.0,Rap
528,MSC_53969.0,Rock
529,MSC_49364.0,Jazz
530,MSC_60124.0,Classical
531,MSC_76067.0,Rap
532,MSC_91215.0,Rock
533,MSC_24923.0,Rock
534,MSC_34592.0,Rock
535,MSC_89169.0,Rap
536,MSC_59636.0,Rock
537,MSC_54320.0,Rap
538,MSC_91374.0,Jazz
539,MSC_85364.0,Rock
540,MSC_25729.0,Country
541,MSC_30283.0,Rock
542,MSC_72511.0,Classical
543,MSC_37150.0,Jazz
544,MSC_34666.0,Classical
545,MSC_33248.0,Rock
546,MSC_55856.0,Classical
547,MSC_56664.0,Classical
548,MSC_31879.0,Rap
549,MSC_76510.0,Rock
550,MSC_29761.0,Rock
551,MSC_73722.0,Rock
552,MSC_40825.0,Rap
553,MSC_37733.0,Rock
554,MSC_45411.0,Rock
555,MSC_48030.0,Classical
556,MSC_64675.0,Classical
557,MSC_39542.0,Classical
558,MSC_78480.0,Jazz
559,MSC_34230.0,Rap
560,MSC_42484.0,Rock
561,MSC_73975.0,Jazz
562,MSC_29123.0,Rock
563,MSC_64514.0,Rap
564,MSC_20975.0,Classical
565,MSC_32247.0,Jazz
566,MSC_51986.0,Jazz
567,MSC_90049.0,Classical
568,MSC_74647.0,Rock
569,MSC_40337.0,Classical
570,MSC_53552.0,Jazz
571,MSC_85963.0,Rap
572,MSC_80790.0,Rap
573,MSC_73227.0,Rock
574,MSC_75756.0,Rock
575,MSC_39715.0,Rock
576,MSC_59631.0,Jazz
577,MSC_33582.0,Classical
578,MSC_79286.0,Rock
579,MSC_59250.0,Jazz
580,MSC_53770.0,Rap
581,MSC_40298.0,Classical
582,MSC_86436.0,Jazz
583,MSC_66555.0,Rap
584,MSC_24953.0,Jazz
585,MSC_84540.0,Classical
586,MSC_84598.0,Rock
587,MSC_62672.0,Rock
588,MSC_63846.0,Classical
589,MSC_47874.0,Classical
590,MSC_91208.0,Rock
591,MSC_88559.0,Rap
592,MSC_31924.0,Jazz
593,MSC_39182.0,Rock
594,MSC_64815.0,Jazz
595,MSC_90414.0,Rap
596,MSC_33378.0,Classical
597,MSC_77019.0,Classical
598,MSC_84561.0,Rap
599,MSC_46774.0,Rock
600,MSC_69589.0,Rock
601,MSC_90297.0,Rock
602,MSC_26195.0,Rock
603,MSC_45289.0,Jazz
604,MSC_43457.0,Rap
605,MSC_64251.0,Jazz
606,MSC_88601.0,Rap
607,MSC_24989.0,Jazz
608,MSC_37798.0,Country
609,MSC_72703.0,Rock
610,MSC_38504.0,Rap
611,MSC_50284.0,Rap
612,MSC_48093.0,Classical
613,MSC_68994.0,Rock
614,MSC_47148.0,Jazz
615,MSC_62075.0,Electronic
616,MSC_60474.0,Rap
617,MSC_70506.0,Rap
618,MSC_49535.0,Rock
619,MSC_49120.0,Jazz
620,MSC_40608.0,Rock
621,MSC_35322.0,Jazz
622,MSC_30880.0,Rap
623,MSC_40408.0,Jazz
624,MSC_61934.0,Classical
625,MSC_81834.0,Rap
626,MSC_21598.0,Rock
627,MSC_26124.0,Rap
628,MSC_74852.0,Rock
629,MSC_38177.0,Jazz
630,MSC_20694.0,Classical
631,MSC_37361.0,Rock
632,MSC_26675.0,Jazz
633,MSC_71583.0,Rock
634,MSC_63833.0,Classical
635,MSC_36366.0,Rap
636,MSC_29357.0,Jazz
637,MSC_41824.0,Rock
638,MSC_59307.0,Rap
639,MSC_70873.0,Classical
640,MSC_83038.0,Rock
641,MSC_59664.0,Rap
642,MSC_43068.0,Rock
643,MSC_41672.0,Classical
644,MSC_36251.0,Rock
645,MSC_20383.0,Classical
646,MSC_21031.0,Jazz
647,MSC_67660.0,Classical
648,MSC_84778.0,Rock
649,MSC_36701.0,Rap
650,MSC_77838.0,Rap
651,MSC_80205.0,Classical
652,MSC_42089.0,Electronic
653,MSC_62684.0,Rap
654,MSC_35456.0,Classical
655,MSC_35993.0,Rap
656,MSC_34201.0,Classical
657,MSC_39130.0,Rock
658,MSC_37774.0,Classical
659,MSC_55364.0,Rap
660,MSC_57888.0,Rock
661,MSC_58049.0,Jazz
662,MSC_56202.0,Jazz
663,MSC_45198.0,Jazz
664,MSC_48335.0,Rock
665,MSC_63456.0,Jazz
666,MSC_52600.0,Classical
667,MSC_63618.0,Classical
668,MSC_28759.0,Rap
669,MSC_46132.0,Rock
670,MSC_56269.0,Jazz
671,MSC_35073.0,Classical
672,MSC_71548.0,Classical
673,MSC_85647.0,Rap
674,MSC_57144.0,Rap
675,MSC_86959.0,Rap
676,MSC_40691.0,Rock
677,MSC_26885.0,Jazz
678,MSC_74596.0,Jazz
679,MSC_35088.0,Classical
680,MSC_80738.0,Classical
681,MSC_36410.0,Rock
682,MSC_61968.0,Rap
683,MSC_43089.0,Rap
684,MSC_60028.0,Rock
685,MSC_23734.0,Rock
686,MSC_39755.0,Rap
687,MSC_31123.0,Country
688,MSC_33620.0,Classical
689,MSC_83903.0,Rock
690,MSC_44334.0,Rap
691,MSC_37542.0,Rap
692,MSC_28951.0,Rock
693,MSC_87140.0,Rap
694,MSC_21296.0,Jazz
695,MSC_65266.0,Rap
696,MSC_63220.0,Rock
697,MSC_37889.0,Classical
698,MSC_54050.0,Jazz
699,MSC_59174.0,Rock
700,MSC_59711.0,Rock
701,MSC_47528.0,Classical
702,MSC_44800.0,Rock
703,MSC_36152.0,Jazz
704,MSC_54405.0,Jazz
705,MSC_33346.0,Jazz
706,MSC_69147.0,Rock
707,MSC_63170.0,Jazz
708,MSC_36066.0,Rock
709,MSC_81498.0,Jazz
710,MSC_85176.0,Rock
711,MSC_34471.0,Jazz
712,MSC_81292.0,Rock
713,MSC_90094.0,Jazz
714,MSC_29954.0,Rock
715,MSC_56880.0,Rock
716,MSC_30148.0,Rock
717,MSC_89600.0,Jazz
718,MSC_22660.0,Rock
719,MSC_20941.0,Country
720,MSC_59838.0,Rap
721,MSC_45940.0,Rock
722,MSC_20636.0,Rap
723,MSC_33909.0,Classical
724,MSC_32198.0,Rock
725,MSC_83992.0,Rock
726,MSC_46613.0,Rock
727,MSC_90719.0,Rap
728,MSC_83317.0,Rock
729,MSC_77890.0,Rock
730,MSC_59692.0,Jazz
731,MSC_80462.0,Jazz
732,MSC_86922.0,Classical
733,MSC_38025.0,Classical
734,MSC_53575.0,Rap
735,MSC_61691.0,Rock
736,MSC_53443.0,Classical
737,MSC_23148.0,Classical
738,MSC_61277.0,Jazz
739,MSC_83858.0,Rock
740,MSC_70573.0,Classical
741,MSC_77880.0,Rap
742,MSC_88655.0,Rap
743,MSC_26874.0,Jazz
744,MSC_24789.0,Classical
745,MSC_32651.0,Rock
746,MSC_54117.0,Country
747,MSC_83209.0,Jazz
748,MSC_58978.0,Jazz
749,MSC_78066.0,Classical
750,MSC_68379.0,Classical
751,MSC_58790.0,Rap
752,MSC_74730.0,Jazz
753,MSC_63354.0,Classical
754,MSC_42678.0,Jazz
755,MSC_65637.0,Rock
756,MSC_78711.0,Rock
757,MSC_77193.0,Rap
758,MSC_49084.0,Rap
759,MSC_71300.0,Jazz
760,MSC_84450.0,Rap
761,MSC_72314.0,Rap
762,MSC_26255.0,Rap
763,MSC_60321.0,Classical
764,MSC_64269.0,Jazz
765,MSC_21429.0,Jazz
766,MSC_37192.0,Jazz
767,MSC_63740.0,Classical
768,MSC_61210.0,Rap
769,MSC_77923.0,Jazz
770,MSC_75597.0,Rap
771,MSC_24868.0,Jazz
772,MSC_84506.0,Classical
773,MSC_81910.0,Rock
774,MSC_21148.0,Rap
775,MSC_90293.0,Rap
776,MSC_87408.0,Rock
777,MSC_81279.0,Rap
778,MSC_25739.0,Rap
779,MSC_84685.0,Rap
780,MSC_50693.0,Jazz
781,MSC_89176.0,Jazz
782,MSC_20443.0,Jazz
783,MSC_37029.0,Jazz
784,MSC_80864.0,Jazz
785,MSC_33513.0,Rock
786,MSC_71127.0,Classical
787,MSC_55530.0,Jazz
788,MSC_65974.0,Jazz
789,MSC_83809.0,Jazz
790,MSC_72204.0,Classical
791,MSC_54304.0,Rap
792,MSC_72672.0,Rap
793,MSC_62925.0,Rock
794,MSC_22402.0,Rock
795,MSC_56579.0,Jazz
796,MSC_45433.0,Rock
797,MSC_81553.0,Rock
798,MSC_42574.0,Classical
799,MSC_86005.0,Rap
800,MSC_78431.0,Classical
801,MSC_61570.0,Classical
802,MSC_58853.0,Rock
803,MSC_58406.0,Classical
804,MSC_83204.0,Rock
805,MSC_33067.0,Rock
806,MSC_47218.0,Classical
807,MSC_21990.0,Rap
808,MSC_35583.0,Classical
809,MSC_37978.0,Rock
810,MSC_65425.0,Classical
811,MSC_43497.0,Classical
812,MSC_21773.0,Rock
813,MSC_57238.0,Rock
814,MSC_32756.0,Jazz
815,MSC_54162.0,Rock
816,MSC_51632.0,Rock
817,MSC_23840.0,Rap
818,MSC_28652.0,Rap
819,MSC_38574.0,Classical
820,MSC_28688.0,Rap
821,MSC_86267.0,Classical
822,MSC_74580.0,Rock
823,MSC_76863.0,Jazz
824,MSC_59927.0,Rock
825,MSC_78042.0,Jazz
826,MSC_57117.0,Classical
827,MSC_78496.0,Jazz
828,MSC_25670.0,Rock
829,MSC_72383.0,Rock
830,MSC_82613.0,Classical
831,MSC_39348.0,Classical
832,MSC_78704.0,Classical
833,MSC_68727.0,Rock
834,MSC_81455.0,Classical
835,MSC_28007.0,Rock
836,MSC_78617.0,Rock
837,MSC_41182.0,Rock
838,MSC_64862.0,Rap
839,MSC_24470.0,Classical
840,MSC_72206.0,Rap
841,MSC_22532.0,Rock
842,MSC_67468.0,Jazz
843,MSC_28059.0,Rock
844,MSC_63860.0,Jazz
845,MSC_48333.0,Classical
846,MSC_52074.0,Classical
847,MSC_46476.0,Jazz
848,MSC_33340.0,Classical
849,MSC_27516.0,Rap
850,MSC_73134.0,Rock
851,MSC_56041.0,Rock
852,MSC_62539.0,Classical
853,MSC_62806.0,Rap
854,MSC_73690.0,Classical
855,MSC_90778.0,Rock
856,MSC_41581.0,Rap
857,MSC_69586.0,Rap
858,MSC_28784.0,Rock
859,MSC_25700.0,Classical
860,MSC_79442.0,Rock
861,MSC_89779.0,Jazz
862,MSC_86122.0,Rap
863,MSC_31671.0,Classical
864,MSC_80933.0,Jazz
865,MSC_24005.0,Classical
866,MSC_66393.0,Classical
867,MSC_51340.0,Rock
868,MSC_76178.0,Rock
869,MSC_25015.0,Rap
870,MSC_71281.0,Classical
871,MSC_89753.0,Classical
872,MSC_89055.0,Jazz
873,MSC_68220.0,Rock
874,MSC_70717.0,Classical
875,MSC_81440.0,Classical
876,MSC_64092.0,Rock
877,MSC_87241.0,Classical
878,MSC_60087.0,Rap
879,MSC_73427.0,Classical
880,MSC_68261.0,Classical
881,MSC_51580.0,Rock
882,MSC_57532.0,Jazz
883,MSC_32332.0,Rock
884,MSC_25709.0,Jazz
885,MSC_39368.0,Rock
886,MSC_73039.0,Rap
887,MSC_38117.0,Rock
888,MSC_43432.0,Rap
889,MSC_72688.0,Rap
890,MSC_70158.0,Rap
891,MSC_63717.0,Classical
892,MSC_69642.0,Rock
893,MSC_52407.0,Classical
894,MSC_32606.0,Classical
895,MSC_67968.0,Rap
896,MSC_73695.0,Rap
897,MSC_26088.0,Rock
898,MSC_44237.0,Rock
899,MSC_35361.0,Rap
900,MSC_84211.0,Classical
901,MSC_34379.0,Jazz
902,MSC_26855.0,Jazz
903,MSC_39764.0,Jazz
904,MSC_24552.0,Rock
905,MSC_68252.0,Rap
906,MSC_29296.0,Rap
907,MSC_37905.0,Jazz
908,MSC_61392.0,Rock
909,MSC_71625.0,Classical
910,MSC_80868.0,Jazz
911,MSC_29731.0,Rap
912,MSC_29682.0,Classical
913,MSC_61160.0,Rap
914,MSC_42543.0,Classical
915,MSC_61920.0,Classical
916,MSC_26080.0,Rap
917,MSC_39236.0,Classical
918,MSC_71541.0,Rock
919,MSC_66869.0,Rap
920,MSC_83149.0,Rap
921,MSC_33661.0,Jazz
922,MSC_21344.0,Rap
923,MSC_41870.0,Classical
924,MSC_23836.0,Classical
925,MSC_53434.0,Rock
926,MSC_34347.0,Rap
927,MSC_50565.0,Rock
928,MSC_75392.0,Rock
929,MSC_53973.0,Classical
930,MSC_40932.0,Rap
931,MSC_78359.0,Rock
932,MSC_74188.0,Rap
933,MSC_27220.0,Classical
934,MSC_31107.0,Jazz
935,MSC_26939.0,Classical
936,MSC_52864.0,Rock
937,MSC_56820.0,Classical
938,MSC_88882.0,Rock
939,MSC_25149.0,Rock
940,MSC_41702.0,Classical
941,MSC_57680.0,Rock
942,MSC_86447.0,Rock
943,MSC_57011.0,Rock
944,MSC_36018.0,Rap
945,MSC_60571.0,Rap
946,MSC_49475.0,Rock
947,MSC_25425.0,Rock
948,MSC_32079.0,Jazz
949,MSC_53979.0,Rock
950,MSC_44151.0,Rap
951,MSC_28811.0,Rap
952,MSC_22720.0,Classical
953,MSC_67189.0,Classical
954,MSC_74362.0,Classical
955,MSC_82899.0,Rock
956,MSC_82224.0,Classical
957,MSC_63619.0,Rock
958,MSC_30399.0,Classical
959,MSC_84675.0,Rock
960,MSC_56588.0,Classical
961,MSC_72251.0,Classical
962,MSC_46478.0,Rock
963,MSC_45546.0,Rock
964,MSC_65485.0,Jazz
965,MSC_67104.0,Rock
966,MSC_24832.0,Rock
967,MSC_57382.0,Jazz
968,MSC_89231.0,Jazz
969,MSC_54133.0,Rock
970,MSC_90388.0,Rock
971,MSC_46453.0,Rock
972,MSC_46632.0,Jazz
973,MSC_26207.0,Classical
974,MSC_34879.0,Rap
975,MSC_26267.0,Classical
976,MSC_64922.0,Jazz
977,MSC_34224.0,Rock
978,MSC_24473.0,Classical
979,MSC_26870.0,Rock
980,MSC_40049.0,Rock
981,MSC_57647.0,Rap
982,MSC_45000.0,Rap
983,MSC_42912.0,Country
984,MSC_35902.0,Rock
985,MSC_42555.0,Rap
986,MSC_58278.0,Classical
987,MSC_32446.0,Rap
988,MSC_24564.0,Rap
989,MSC_42616.0,Rock
990,MSC_31864.0,Jazz
991,MSC_85987.0,Rap
992,MSC_35742.0,Rap
993,MSC_35960.0,Rock
994,MSC_21929.0,Rap
995,MSC_80501.0,Rap
996,MSC_44967.0,Rap
997,MSC_91652.0,Rap
998,MSC_45205.0,Rap
999,MSC_58617.0,Rock
1000,MSC_53027.0,Classical
1001,MSC_28864.0,Classical
1002,MSC_73512.0,Rock
1003,MSC_65229.0,Rap
1004,MSC_29733.0,Classical
1005,MSC_30194.0,Rock
1006,MSC_57931.0,Rock
1007,MSC_91334.0,Jazz
1008,MSC_73450.0,Classical
1009,MSC_26792.0,Jazz
1010,MSC_84676.0,Rap
1011,MSC_65018.0,Classical
1012,MSC_29481.0,Jazz
1013,MSC_49044.0,Electronic
1014,MSC_87900.0,Rap
1015,MSC_31871.0,Rap
1016,MSC_40733.0,Rock
1017,MSC_39805.0,Rap
1018,MSC_31278.0,Rock
1019,MSC_44017.0,Classical
1020,MSC_74322.0,Rock
1021,MSC_57792.0,Classical
1022,MSC_81526.0,Rock
1023,MSC_44109.0,Rock
1024,MSC_21669.0,Classical
1025,MSC_22350.0,Rap
1026,MSC_68625.0,Rap
1027,MSC_27205.0,Rock
1028,MSC_72488.0,Jazz
1029,MSC_56301.0,Rock
1030,MSC_85433.0,Classical
1031,MSC_88849.0,Classical
1032,MSC_51182.0,Jazz
1033,MSC_54540.0,Jazz
1034,MSC_47696.0,Jazz
1035,MSC_82623.0,Rock
1036,MSC_82384.0,Jazz
1037,MSC_33298.0,Country
1038,MSC_61699.0,Classical
1039,MSC_66022.0,Classical
1040,MSC_37703.0,Rock
1041,MSC_76651.0,Rap
1042,MSC_50744.0,Classical
1043,MSC_48445.0,Rap
1044,MSC_80507.0,Rap
1045,MSC_55211.0,Rock
1046,MSC_45173.0,Rock
1047,MSC_54458.0,Jazz
1048,MSC_60718.0,Rap
1049,MSC_75642.0,Classical
1050,MSC_33111.0,Rap
1051,MSC_68000.0,Classical
1052,MSC_33100.0,Rock
1053,MSC_26514.0,Rock
1054,MSC_49904.0,Rap
1055,MSC_88791.0,Rock
1056,MSC_60269.0,Rap
1057,MSC_20388.0,Classical
1058,MSC_48099.0,Rap
1059,MSC_65130.0,Classical
1060,MSC_78833.0,Electronic
1061,MSC_20799.0,Rap
1062,MSC_84096.0,Rock
1063,MSC_88473.0,Electronic
1064,MSC_77467.0,Jazz
1065,MSC_62176.0,Jazz
1066,MSC_41808.0,Classical
1067,MSC_38808.0,Jazz
1068,MSC_24604.0,Classical
1069,MSC_47743.0,Jazz
1070,MSC_69513.0,Classical
1071,MSC_63548.0,Classical
1072,MSC_87958.0,Country
1073,MSC_62786.0,Rap
1074,MSC_36334.0,Jazz
1075,MSC_79506.0,Rap
1076,MSC_38629.0,Rock
1077,MSC_62531.0,Classical
1078,MSC_56743.0,Jazz
1079,MSC_32004.0,Classical
1080,MSC_46133.0,Rock
1081,MSC_91122.0,Jazz
1082,MSC_28658.0,Classical
1083,MSC_91129.0,Rap
1084,MSC_22565.0,Rock
1085,MSC_29662.0,Classical
1086,MSC_76029.0,Rap
1087,MSC_36790.0,Rock
1088,MSC_20320.0,Rock
1089,MSC_82390.0,Classical
1090,MSC_22358.0,Rock
1091,MSC_63518.0,Rap
1092,MSC_26806.0,Rock
1093,MSC_81101.0,Rock
1094,MSC_65103.0,Rock
1095,MSC_20180.0,Rap
1096,MSC_88285.0,Rock
1097,MSC_75732.0,Classical
1098,MSC_36650.0,Rock
1099,MSC_28150.0,Rap
1100,MSC_40264.0,Classical
1101,MSC_80771.0,Rock
1102,MSC_28876.0,Jazz
1103,MSC_81631.0,Jazz
1104,MSC_41750.0,Rock
1105,MSC_45959.0,Classical
1106,MSC_87929.0,Jazz
1107,MSC_52258.0,Rap
1108,MSC_36580.0,Rock
1109,MSC_90338.0,Classical
1110,MSC_41639.0,Jazz
1111,MSC_73271.0,Rock
1112,MSC_78225.0,Rap
1113,MSC_69409.0,Classical
1114,MSC_89802.0,Classical
1115,MSC_76235.0,Jazz
1116,MSC_56784.0,Jazz
1117,MSC_22043.0,Rock
1118,MSC_64964.0,Rock
1119,MSC_24642.0,Classical
1120,MSC_90869.0,Classical
1121,MSC_70165.0,Rock
1122,MSC_36193.0,Rock
1123,MSC_79941.0,Jazz
1124,MSC_73040.0,Rap
1125,MSC_55354.0,Classical
1126,MSC_75341.0,Rap
1127,MSC_84916.0,Jazz
1128,MSC_30635.0,Rap
1129,MSC_69421.0,Rock
1130,MSC_31687.0,Classical
1131,MSC_76775.0,Rock
1132,MSC_30790.0,Jazz
1133,MSC_63867.0,Classical
1134,MSC_30220.0,Classical
1135,MSC_57156.0,Rock
1136,MSC_80794.0,Rock
1137,MSC_67983.0,Rock
1138,MSC_31884.0,Rap
1139,MSC_42147.0,Classical
1140,MSC_43748.0,Rock
1141,MSC_50478.0,Rock
1142,MSC_25562.0,Rap
1143,MSC_31082.0,Jazz
1144,MSC_60450.0,Rap
1145,MSC_54485.0,Classical
1146,MSC_76070.0,Classical
1147,MSC_34013.0,Classical
1148,MSC_58366.0,Classical
1149,MSC_81640.0,Classical
1150,MSC_58102.0,Rock
1151,MSC_58681.0,Rap
1152,MSC_79420.0,Classical
1153,MSC_32562.0,Jazz
1154,MSC_32751.0,Jazz
1155,MSC_90851.0,Rap
1156,MSC_20405.0,Classical
1157,MSC_86890.0,Jazz
1158,MSC_47272.0,Rap
1159,MSC_20870.0,Rock
1160,MSC_74183.0,Classical
1161,MSC_31002.0,Jazz
1162,MSC_42330.0,Rap
1163,MSC_54743.0,Rap
1164,MSC_46734.0,Rock
1165,MSC_63611.0,Rock
1166,MSC_43261.0,Classical
1167,MSC_27833.0,Classical
1168,MSC_79708.0,Rap
1169,MSC_69270.0,Jazz
1170,MSC_67221.0,Rock
1171,MSC_71572.0,Rap
1172,MSC_63202.0,Rock
1173,MSC_81982.0,Rap
1174,MSC_45473.0,Rock
1175,MSC_51524.0,Classical
1176,MSC_50990.0,Rock
1177,MSC_51991.0,Rap
1178,MSC_71576.0,Rock
1179,MSC_30499.0,Classical
1180,MSC_41254.0,Rap
1181,MSC_50494.0,Rap
1182,MSC_30712.0,Rap
1183,MSC_36785.0,Rock
1184,MSC_88703.0,Jazz
1185,MSC_21047.0,Classical
1186,MSC_57764.0,Classical
1187,MSC_47604.0,Rock
1188,MSC_43337.0,Classical
1189,MSC_84129.0,Classical
1190,MSC_58252.0,Rap
1191,MSC_52312.0,Rap
1192,MSC_40442.0,Rock
1193,MSC_35899.0,Rock
1194,MSC_74140.0,Rock
1195,MSC_28300.0,Rock
1196,MSC_74498.0,Rap
1197,MSC_66862.0,Rock
1198,MSC_25467.0,Rock
1199,MSC_30232.0,Classical
1200,MSC_66458.0,Rock
1201,MSC_50225.0,Classical
1202,MSC_90846.0,Classical
1203,MSC_80026.0,Rock
1204,MSC_84217.0,Rap
1205,MSC_73632.0,Classical
1206,MSC_69838.0,Rock
1207,MSC_84652.0,Rap
1208,MSC_79868.0,Jazz
1209,MSC_49996.0,Rock
1210,MSC_73907.0,Rock
1211,MSC_68548.0,Rock
1212,MSC_77374.0,Rock
1213,MSC_33312.0,Rap
1214,MSC_50989.0,Rock
1215,MSC_77466.0,Jazz
1216,MSC_43175.0,Classical
1217,MSC_44547.0,Rock
1218,MSC_65079.0,Rap
1219,MSC_42989.0,Rock
1220,MSC_22255.0,Rap
1221,MSC_85434.0,Jazz
1222,MSC_56517.0,Rock
1223,MSC_21584.0,Jazz
1224,MSC_48365.0,Rock
1225,MSC_78632.0,Classical
1226,MSC_64275.0,Classical
1227,MSC_63745.0,Jazz
1228,MSC_26173.0,Rap
1229,MSC_24110.0,Rap
1230,MSC_54996.0,Rock
1231,MSC_90299.0,Classical
1232,MSC_54800.0,Classical
1233,MSC_41249.0,Jazz
1234,MSC_59585.0,Classical
1235,MSC_88837.0,Jazz
1236,MSC_22128.0,Classical
1237,MSC_27583.0,Jazz
1238,MSC_69859.0,Classical
1239,MSC_66238.0,Jazz
1240,MSC_56975.0,Rap
1241,MSC_57451.0,Jazz
1242,MSC_71591.0,Classical
1243,MSC_34761.0,Rock
1244,MSC_29605.0,Classical
1245,MSC_33685.0,Rock
1246,MSC_47184.0,Rap
1247,MSC_42924.0,Rock
1248,MSC_85252.0,Rap
1249,MSC_82832.0,Rock
1250,MSC_35581.0,Rap
1251,MSC_35469.0,Rock
1252,MSC_71100.0,Rap
1253,MSC_80509.0,Jazz
1254,MSC_30946.0,Jazz
1255,MSC_67295.0,Rap
1256,MSC_37058.0,Rock
1257,MSC_45395.0,Rock
1258,MSC_35157.0,Rock
1259,MSC_70945.0,Rap
1260,MSC_40364.0,Classical
1261,MSC_68357.0,Jazz
1262,MSC_60874.0,Rap
1263,MSC_68180.0,Rap
1264,MSC_45283.0,Classical
1265,MSC_56953.0,Rock
1266,MSC_44494.0,Rap
1267,MSC_66292.0,Rap
1268,MSC_44120.0,Jazz
1269,MSC_90486.0,Rock
1270,MSC_28114.0,Jazz
1271,MSC_49309.0,Rock
1272,MSC_33518.0,Rap
1273,MSC_61609.0,Classical
1274,MSC_61815.0,Rock
1275,MSC_74164.0,Classical
1276,MSC_85876.0,Classical
1277,MSC_31053.0,Rap
1278,MSC_84415.0,Classical
1279,MSC_34051.0,Rap
1280,MSC_54786.0,Rock
1281,MSC_25511.0,Rap
1282,MSC_85702.0,Rock
1283,MSC_49699.0,Jazz
1284,MSC_62479.0,Rap
1285,MSC_70337.0,Rap
1286,MSC_40560.0,Rock
1287,MSC_31853.0,Classical
1288,MSC_59326.0,Jazz
1289,MSC_24242.0,Rock
1290,MSC_40813.0,Classical
1291,MSC_72461.0,Rock
1292,MSC_87658.0,Jazz
1293,MSC_27650.0,Rock
1294,MSC_83798.0,Classical
1295,MSC_60701.0,Rap
1296,MSC_53316.0,Classical
1297,MSC_36027.0,Jazz
1298,MSC_72588.0,Rock
1299,MSC_28650.0,Rock
1300,MSC_35811.0,Rap
1301,MSC_37204.0,Rock
1302,MSC_52290.0,Classical
1303,MSC_29922.0,Rap
1304,MSC_58584.0,Rock
1305,MSC_29200.0,Jazz
1306,MSC_78474.0,Jazz
1307,MSC_42453.0,Classical
1308,MSC_57912.0,Classical
1309,MSC_63661.0,Rap
1310,MSC_53276.0,Classical
1311,MSC_81947.0,Rock
1312,MSC_40864.0,Rock
1313,MSC_44815.0,Rap
1314,MSC_75099.0,Jazz
1315,MSC_31397.0,Rock
1316,MSC_65221.0,Rock
1317,MSC_29563.0,Rock
1318,MSC_53237.0,Rock
1319,MSC_77182.0,Jazz
1320,MSC_69210.0,Rock
1321,MSC_24975.0,Classical
1322,MSC_48338.0,Rap
1323,MSC_83355.0,Rock
1324,MSC_55159.0,Rock
1325,MSC_22185.0,Jazz
1326,MSC_88344.0,Jazz
1327,MSC_74453.0,Rock
1328,MSC_34081.0,Rock
1329,MSC_48635.0,Rock
1330,MSC_53177.0,Classical
1331,MSC_90200.0,Classical
1332,MSC_66549.0,Classical
1333,MSC_84755.0,Rock
1334,MSC_54593.0,Rock
1335,MSC_20511.0,Jazz
1336,MSC_61984.0,Rock
1337,MSC_71815.0,Classical
1338,MSC_91464.0,Jazz
1339,MSC_33041.0,Rap
1340,MSC_50619.0,Jazz
1341,MSC_85708.0,Classical
1342,MSC_53807.0,Rock
1343,MSC_69079.0,Rock
1344,MSC_88741.0,Rap
1345,MSC_32437.0,Rock
1346,MSC_48649.0,Classical
1347,MSC_85630.0,Jazz
1348,MSC_57850.0,Rap
1349,MSC_89947.0,Rock
1350,MSC_42593.0,Classical
1351,MSC_36050.0,Classical
1352,MSC_29790.0,Classical
1353,MSC_38868.0,Rap
1354,MSC_81300.0,Classical
1355,MSC_63091.0,Classical
1356,MSC_33932.0,Classical
1357,MSC_24902.0,Jazz
1358,MSC_75535.0,Rock
1359,MSC_81398.0,Rap
1360,MSC_24264.0,Classical
1361,MSC_32943.0,Jazz
1362,MSC_72597.0,Rap
1363,MSC_74491.0,Rock
1364,MSC_31561.0,Rock
1365,MSC_89226.0,Rap
1366,MSC_84003.0,Jazz
1367,MSC_38295.0,Rock
1368,MSC_57385.0,Rap
1369,MSC_69834.0,Classical
1370,MSC_86061.0,Rock
1371,MSC_29223.0,Rap
1372,MSC_22669.0,Rock
1373,MSC_59489.0,Classical
1374,MSC_65433.0,Rap
1375,MSC_35392.0,Rock
1376,MSC_23499.0,Jazz
1377,MSC_87511.0,Classical
1378,MSC_59879.0,Rap
1379,MSC_62757.0,Rock
1380,MSC_46522.0,Rock
1381,MSC_62446.0,Rock
1382,MSC_23157.0,Jazz
1383,MSC_85512.0,Classical
1384,MSC_89874.0,Classical
1385,MSC_71118.0,Classical
1386,MSC_75005.0,Jazz
1387,MSC_43456.0,Jazz
1388,MSC_76108.0,Rock
1389,MSC_81234.0,Rock
1390,MSC_63224.0,Rock
1391,MSC_91273.0,Jazz
1392,MSC_39159.0,Classical
1393,MSC_84477.0,Classical
1394,MSC_40566.0,Classical
1395,MSC_50280.0,Rock
1396,MSC_42996.0,Jazz
1397,MSC_28854.0,Rock
1398,MSC_68288.0,Jazz
1399,MSC_27468.0,Classical
1400,MSC_64131.0,Rock
1401,MSC_90132.0,Rock
1402,MSC_34342.0,Classical
1403,MSC_49927.0,Classical
1404,MSC_84658.0,Rock
1405,MSC_36139.0,Classical
1406,MSC_52200.0,Jazz
1407,MSC_43613.0,Jazz
1408,MSC_85451.0,Rap
1409,MSC_55970.0,Classical
1410,MSC_55599.0,Rap
1411,MSC_85819.0,Jazz
1412,MSC_71787.0,Rap
1413,MSC_56123.0,Jazz
1414,MSC_88506.0,Classical
1415,MSC_40700.0,Rap
1416,MSC_87346.0,Rock
1417,MSC_72102.0,Jazz
1418,MSC_58802.0,Jazz
1419,MSC_46812.0,Classical
1420,MSC_47176.0,Rock
1421,MSC_74458.0,Rock
1422,MSC_53686.0,Jazz
1423,MSC_82255.0,Jazz
1424,MSC_86449.0,Rap
1425,MSC_37101.0,Rock
1426,MSC_25959.0,Rock
1427,MSC_90471.0,Rap
1428,MSC_73972.0,Rap
1429,MSC_42096.0,Classical
1430,MSC_76528.0,Rock
1431,MSC_60509.0,Rap
1432,MSC_78713.0,Rap
1433,MSC_57933.0,Jazz
1434,MSC_26941.0,Classical
1435,MSC_88831.0,Rap
1436,MSC_85182.0,Rock
1437,MSC_20521.0,Rock
1438,MSC_41478.0,Classical
1439,MSC_88119.0,Rap
1440,MSC_24521.0,Rap
1441,MSC_70054.0,Jazz
1442,MSC_43196.0,Classical
1443,MSC_20907.0,Rock
1444,MSC_85869.0,Jazz
1445,MSC_59385.0,Rap
1446,MSC_75205.0,Jazz
1447,MSC_71953.0,Classical
1448,MSC_81134.0,Rap
1449,MSC_40677.0,Rock
1450,MSC_42079.0,Electronic
1451,MSC_39163.0,Rap
1452,MSC_45334.0,Rock
1453,MSC_28409.0,Rock
1454,MSC_26962.0,Jazz
1455,MSC_69656.0,Rap
1456,MSC_64332.0,Rap
1457,MSC_27300.0,Rap
1458,MSC_54829.0,Classical
1459,MSC_53723.0,Rock
1460,MSC_53935.0,Classical
1461,MSC_25138.0,Jazz
1462,MSC_86925.0,Rock
1463,MSC_54381.0,Rap
1464,MSC_20449.0,Rock
1465,MSC_59040.0,Classical
1466,MSC_24821.0,Rock
1467,MSC_72443.0,Rock
1468,MSC_36056.0,Rock
1469,MSC_74060.0,Rap
1470,MSC_79062.0,Classical
1471,MSC_69815.0,Rock
1472,MSC_53228.0,Rock
1473,MSC_65040.0,Rock
1474,MSC_60109.0,Classical
1475,MSC_32433.0,Classical
1476,MSC_85830.0,Jazz
1477,MSC_91333.0,Jazz
1478,MSC_61276.0,Rock
1479,MSC_30903.0,Classical
1480,MSC_40593.0,Rock
1481,MSC_24275.0,Rap
1482,MSC_66071.0,Rock
1483,MSC_50986.0,Rock
1484,MSC_27491.0,Rap
1485,MSC_77810.0,Rap
1486,MSC_38022.0,Rock
1487,MSC_61608.0,Jazz
1488,MSC_23835.0,Rock
1489,MSC_21402.0,Rock
1490,MSC_43727.0,Rock
1491,MSC_65524.0,Rock
1492,MSC_30828.0,Jazz
1493,MSC_57558.0,Rock
1494,MSC_62972.0,Rock
1495,MSC_64989.0,Rock
1496,MSC_74854.0,Rap
1497,MSC_59220.0,Classical
1498,MSC_43816.0,Classical
1499,MSC_87227.0,Rock
1500,MSC_35911.0,Rock
1501,MSC_29997.0,Classical
1502,MSC_67858.0,Rap
1503,MSC_45162.0,Rap
1504,MSC_65094.0,Jazz
1505,MSC_79053.0,Jazz
1506,MSC_56990.0,Classical
1507,MSC_36889.0,Rock
1508,MSC_50115.0,Rap
1509,MSC_21085.0,Rock
1510,MSC_65444.0,Rap
1511,MSC_53467.0,Jazz
1512,MSC_23301.0,Rock
1513,MSC_90890.0,Jazz
1514,MSC_56603.0,Rock
1515,MSC_65358.0,Rock
1516,MSC_35657.0,Rock
1517,MSC_63262.0,Classical
1518,MSC_36704.0,Classical
1519,MSC_62317.0,Rock
1520,MSC_22303.0,Jazz
1521,MSC_43712.0,Rap
1522,MSC_45170.0,Rap
1523,MSC_24911.0,Rock
1524,MSC_70825.0,Rock
1525,MSC_61540.0,Rap
1526,MSC_27145.0,Rock
1527,MSC_60100.0,Jazz
1528,MSC_40763.0,Rock
1529,MSC_55377.0,Jazz
1530,MSC_81368.0,Rock
1531,MSC_41326.0,Rap
1532,MSC_35734.0,Rap
1533,MSC_30573.0,Rock
1534,MSC_36564.0,Jazz
1535,MSC_47342.0,Rap
1536,MSC_87201.0,Rock
1537,MSC_46723.0,Jazz
1538,MSC_62595.0,Jazz
1539,MSC_71567.0,Rock
1540,MSC_91229.0,Rock
1541,MSC_34772.0,Jazz
1542,MSC_83061.0,Classical
1543,MSC_68873.0,Classical
1544,MSC_70912.0,Rock
1545,MSC_50220.0,Classical
1546,MSC_44108.0,Rock
1547,MSC_82052.0,Classical
1548,MSC_35751.0,Classical
1549,MSC_75630.0,Classical
1550,MSC_88982.0,Rock
1551,MSC_75685.0,Rock
1552,MSC_83783.0,Rap
1553,MSC_62497.0,Jazz
1554,MSC_29999.0,Rock
1555,MSC_65587.0,Rap
1556,MSC_33911.0,Rock
1557,MSC_35819.0,Classical
1558,MSC_28554.0,Rock
1559,MSC_67109.0,Jazz
1560,MSC_55843.0,Rap
1561,MSC_51835.0,Country
1562,MSC_45944.0,Rock
1563,MSC_21078.0,Rap
1564,MSC_39379.0,Rap
1565,MSC_47855.0,Classical
1566,MSC_66843.0,Classical
1567,MSC_26560.0,Rock
1568,MSC_22232.0,Rock
1569,MSC_47658.0,Jazz
1570,MSC_76988.0,Rap
1571,MSC_61421.0,Rap
1572,MSC_20732.0,Classical
1573,MSC_54890.0,Rock
1574,MSC_73938.0,Rap
1575,MSC_71236.0,Classical
1576,MSC_89039.0,Jazz
1577,MSC_90867.0,Rock
1578,MSC_36692.0,Classical
1579,MSC_85642.0,Rock
1580,MSC_66830.0,Rock
1581,MSC_61798.0,Jazz
1582,MSC_44235.0,Rock
1583,MSC_34676.0,Classical
1584,MSC_37799.0,Jazz
1585,MSC_58099.0,Jazz
1586,MSC_45815.0,Jazz
1587,MSC_54429.0,Rock
1588,MSC_32387.0,Jazz
1589,MSC_82739.0,Classical
1590,MSC_33998.0,Rap
1591,MSC_24640.0,Jazz
1592,MSC_65964.0,Rock
1593,MSC_58791.0,Rap
1594,MSC_20318.0,Rock
1595,MSC_79805.0,Classical
1596,MSC_26091.0,Rock
1597,MSC_69385.0,Jazz
1598,MSC_21969.0,Rap
1599,MSC_50251.0,Jazz
1600,MSC_58776.0,Classical
1601,MSC_80708.0,Rock
1602,MSC_34729.0,Jazz
1603,MSC_25773.0,Rap
1604,MSC_52436.0,Rock
1605,MSC_37157.0,Rock
1606,MSC_66130.0,Classical
1607,MSC_89705.0,Rap
1608,MSC_59389.0,Classical
1609,MSC_49979.0,Classical
1610,MSC_79761.0,Rap
1611,MSC_51430.0,Rap
1612,MSC_32745.0,Rap
1613,MSC_68434.0,Classical
1614,MSC_61657.0,Jazz
1615,MSC_20491.0,Rock
1616,MSC_58952.0,Classical
1617,MSC_57669.0,Rock
1618,MSC_89247.0,Rock
1619,MSC_65729.0,Classical
1620,MSC_70129.0,Rap
1621,MSC_48177.0,Rap
1622,MSC_27506.0,Rock
1623,MSC_29587.0,Classical
1624,MSC_55350.0,Classical
1625,MSC_70513.0,Classical
1626,MSC_62805.0,Jazz
1627,MSC_29301.0,Rock
1628,MSC_66294.0,Classical
1629,MSC_63361.0,Classical
1630,MSC_88981.0,Jazz
1631,MSC_56935.0,Country
1632,MSC_38078.0,Jazz
1633,MSC_88496.0,Rock
1634,MSC_39426.0,Rock
1635,MSC_68875.0,Classical
1636,MSC_30972.0,Classical
1637,MSC_64612.0,Rock
1638,MSC_47862.0,Classical
1639,MSC_81013.0,Rock
1640,MSC_52109.0,Rock
1641,MSC_59136.0,Classical
1642,MSC_41126.0,Jazz
1643,MSC_82160.0,Classical
1644,MSC_34602.0,Classical
1645,MSC_35589.0,Classical
1646,MSC_39521.0,Rap
1647,MSC_45600.0,Rap
1648,MSC_30309.0,Classical
1649,MSC_66878.0,Classical
1650,MSC_87347.0,Jazz
1651,MSC_68704.0,Classical
1652,MSC_85675.0,Jazz
1653,MSC_76372.0,Jazz
1654,MSC_67309.0,Jazz
1655,MSC_81272.0,Jazz
1656,MSC_46210.0,Classical
1657,MSC_77401.0,Rock
1658,MSC_65389.0,Classical
1659,MSC_78771.0,Rock
1660,MSC_91706.0,Jazz
1661,MSC_37614.0,Jazz
1662,MSC_83131.0,Rock
1663,MSC_23007.0,Rock
1664,MSC_81680.0,Rock
1665,MSC_35492.0,Jazz
1666,MSC_75573.0,Rap
1667,MSC_91072.0,Rock
1668,MSC_73482.0,Rap
1669,MSC_35655.0,Classical
1670,MSC_75155.0,Classical
1671,MSC_90314.0,Rock
1672,MSC_69202.0,Rock
1673,MSC_87972.0,Classical
1674,MSC_68425.0,Rock
1675,MSC_55926.0,Rock
1676,MSC_29399.0,Rock
1677,MSC_50832.0,Rock
1678,MSC_50132.0,Rap
1679,MSC_84934.0,Rock
1680,MSC_90179.0,Classical
1681,MSC_49291.0,Rock
1682,MSC_65150.0,Country
1683,MSC_80917.0,Classical
1684,MSC_83290.0,Classical
1685,MSC_77122.0,Classical
1686,MSC_58951.0,Rock
1687,MSC_89472.0,Country
1688,MSC_39442.0,Rock
1689,MSC_91604.0,Classical
1690,MSC_38164.0,Rock
1691,MSC_87529.0,Rap
1692,MSC_84145.0,Jazz
1693,MSC_39435.0,Jazz
1694,MSC_45788.0,Rap
1695,MSC_57132.0,Rap
1696,MSC_60644.0,Classical
1697,MSC_21195.0,Classical
1698,MSC_22107.0,Classical
1699,MSC_23514.0,Rock
1700,MSC_56273.0,Rap
1701,MSC_91022.0,Rock
1702,MSC_30654.0,Classical
1703,MSC_48662.0,Rap
1704,MSC_40953.0,Jazz
1705,MSC_71330.0,Classical
1706,MSC_90860.0,Rap
1707,MSC_34429.0,Jazz
1708,MSC_37603.0,Jazz
1709,MSC_20381.0,Rap
1710,MSC_50144.0,Jazz
1711,MSC_79616.0,Jazz
1712,MSC_82974.0,Country
1713,MSC_75566.0,Classical
1714,MSC_52751.0,Jazz
1715,MSC_52302.0,Jazz
1716,MSC_25860.0,Rock
1717,MSC_22815.0,Classical
1718,MSC_65963.0,Rock
1719,MSC_38472.0,Jazz
1720,MSC_88946.0,Rock
1721,MSC_44112.0,Rock
1722,MSC_22178.0,Classical
1723,MSC_48974.0,Rap
1724,MSC_23668.0,Country
1725,MSC_46769.0,Jazz
1726,MSC_88978.0,Classical
1727,MSC_61940.0,Rap
1728,MSC_40092.0,Rap
1729,MSC_89211.0,Jazz
1730,MSC_50109.0,Rock
1731,MSC_43001.0,Classical
1732,MSC_76831.0,Classical
1733,MSC_50260.0,Classical
1734,MSC_59571.0,Classical
1735,MSC_22692.0,Jazz
1736,MSC_37211.0,Jazz
1737,MSC_41936.0,Rock
1738,MSC_41068.0,Rock
1739,MSC_39804.0,Classical
1740,MSC_27596.0,Jazz
1741,MSC_85161.0,Rock
1742,MSC_39247.0,Rap
1743,MSC_51261.0,Rap
1744,MSC_26814.0,Rock
1745,MSC_86544.0,Jazz
1746,MSC_89948.0,Rock
1747,MSC_38269.0,Rock
1748,MSC_54279.0,Rock
1749,MSC_53692.0,Rock
1750,MSC_39003.0,Rock
1751,MSC_27550.0,Rock
1752,MSC_58338.0,Jazz
1753,MSC_90949.0,Classical
1754,MSC_25147.0,Classical
1755,MSC_73926.0,Classical
1756,MSC_33836.0,Jazz
1757,MSC_47169.0,Classical
1758,MSC_88447.0,Classical
1759,MSC_76139.0,Classical
1760,MSC_62418.0,Classical
1761,MSC_58570.0,Classical
1762,MSC_20640.0,Rap
1763,MSC_83719.0,Rock
1764,MSC_78489.0,Rap
1765,MSC_63841.0,Rock
1766,MSC_62168.0,Rap
1767,MSC_26731.0,Rap
1768,MSC_55087.0,Rock
1769,MSC_67545.0,Rock
1770,MSC_25998.0,Rock
1771,MSC_23819.0,Jazz
1772,MSC_30490.0,Rap
1773,MSC_37668.0,Classical
1774,MSC_35997.0,Classical
1775,MSC_44348.0,Classical
1776,MSC_57639.0,Classical
1777,MSC_66907.0,Rap
1778,MSC_60849.0,Rock
1779,MSC_89671.0,Rock
1780,MSC_88635.0,Jazz
1781,MSC_53873.0,Classical
1782,MSC_50611.0,Jazz
1783,MSC_47166.0,Jazz
1784,MSC_48138.0,Rock
1785,MSC_29273.0,Classical
1786,MSC_54294.0,Classical
1787,MSC_48514.0,Classical
1788,MSC_81411.0,Rock
1789,MSC_29746.0,Rock
1790,MSC_54900.0,Rap
1791,MSC_51314.0,Jazz
1792,MSC_26835.0,Jazz
1793,MSC_47953.0,Classical
1794,MSC_28950.0,Jazz
1795,MSC_32003.0,Jazz
1796,MSC_81308.0,Classical
1797,MSC_71831.0,Rock
1798,MSC_67143.0,Jazz
1799,MSC_84440.0,Rock
1800,MSC_91165.0,Classical
1801,MSC_67036.0,Classical
1802,MSC_71073.0,Jazz
1803,MSC_28884.0,Classical
1804,MSC_29095.0,Rock
1805,MSC_27206.0,Classical
1806,MSC_59417.0,Classical
1807,MSC_24297.0,Rap
1808,MSC_70950.0,Jazz
1809,MSC_21468.0,Rock
1810,MSC_22023.0,Rap
1811,MSC_30948.0,Rap
1812,MSC_51671.0,Jazz
1813,MSC_33872.0,Classical
1814,MSC_76232.0,Electronic
1815,MSC_56802.0,Classical
1816,MSC_26348.0,Jazz
1817,MSC_31173.0,Rock
1818,MSC_82614.0,Rock
1819,MSC_87525.0,Rap
1820,MSC_47892.0,Rap
1821,MSC_23040.0,Rap
1822,MSC_80187.0,Classical
1823,MSC_49764.0,Rock
1824,MSC_78067.0,Rock
1825,MSC_51357.0,Jazz
1826,MSC_78277.0,Classical
1827,MSC_75872.0,Rap
1828,MSC_52809.0,Jazz
1829,MSC_57727.0,Rap
1830,MSC_81334.0,Rock
1831,MSC_72546.0,Rock
1832,MSC_62965.0,Rock
1833,MSC_43586.0,Classical
1834,MSC_38551.0,Jazz
1835,MSC_66410.0,Rap
1836,MSC_48064.0,Classical
1837,MSC_31916.0,Rock
1838,MSC_59855.0,Rock
1839,MSC_90057.0,Rock
1840,MSC_85040.0,Classical
1841,MSC_90487.0,Rock
1842,MSC_46880.0,Rock
1843,MSC_30270.0,Rap
1844,MSC_57326.0,Rock
1845,MSC_34976.0,Classical
1846,MSC_57687.0,Classical
1847,MSC_56451.0,Rap
1848,MSC_77524.0,Classical
1849,MSC_40893.0,Classical
1850,MSC_83002.0,Classical
1851,MSC_70332.0,Rock
1852,MSC_58072.0,Rock
1853,MSC_52722.0,Classical
1854,MSC_89340.0,Classical
1855,MSC_82413.0,Rock
1856,MSC_58646.0,Rock
1857,MSC_78636.0,Jazz
1858,MSC_90902.0,Rock
1859,MSC_32533.0,Jazz
1860,MSC_53044.0,Jazz
1861,MSC_69742.0,Rock
1862,MSC_75531.0,Classical
1863,MSC_37436.0,Classical
1864,MSC_63133.0,Rock
1865,MSC_70836.0,Rap
1866,MSC_48867.0,Jazz
1867,MSC_60018.0,Classical
1868,MSC_51948.0,Classical
1869,MSC_58965.0,Rap
1870,MSC_55608.0,Rock
1871,MSC_83262.0,Jazz
1872,MSC_37895.0,Rock
1873,MSC_72194.0,Classical
1874,MSC_81863.0,Jazz
1875,MSC_27734.0,Jazz
1876,MSC_76363.0,Classical
1877,MSC_86547.0,Rap
1878,MSC_39313.0,Rock
1879,MSC_31760.0,Rock
1880,MSC_78973.0,Rock
1881,MSC_81896.0,Rock
1882,MSC_28336.0,Jazz
1883,MSC_75350.0,Rock
1884,MSC_54640.0,Classical
1885,MSC_27162.0,Jazz
1886,MSC_68568.0,Jazz
1887,MSC_72642.0,Rock
1888,MSC_38284.0,Rap
1889,MSC_69950.0,Rock
1890,MSC_66814.0,Rap
1891,MSC_68498.0,Rock
1892,MSC_75864.0,Jazz
1893,MSC_25942.0,Rock
1894,MSC_58243.0,Classical
1895,MSC_42315.0,Rock
1896,MSC_51162.0,Classical
1897,MSC_39362.0,Rap
1898,MSC_74709.0,Classical
1899,MSC_64108.0,Rock
1900,MSC_87285.0,Classical
1901,MSC_44852.0,Rap
1902,MSC_33214.0,Rap
1903,MSC_35781.0,Classical
1904,MSC_84726.0,Rock
1905,MSC_63304.0,Rap
1906,MSC_59997.0,Jazz
1907,MSC_26665.0,Rap
1908,MSC_49533.0,Rock
1909,MSC_63581.0,Rap
1910,MSC_48954.0,Classical
1911,MSC_57084.0,Rock
1912,MSC_76674.0,Rap
1913,MSC_50872.0,Jazz
1914,MSC_88624.0,Country
1915,MSC_60736.0,Classical
1916,MSC_67341.0,Rock
1917,MSC_68248.0,Jazz
1918,MSC_80459.0,Jazz
1919,MSC_22942.0,Rap
1920,MSC_73085.0,Rock
1921,MSC_91727.0,Jazz
1922,MSC_22462.0,Jazz
1923,MSC_31437.0,Rock
1924,MSC_25879.0,Classical
1925,MSC_69171.0,Electronic
1926,MSC_47195.0,Classical
1927,MSC_86067.0,Rock
1928,MSC_37658.0,Jazz
1929,MSC_81583.0,Jazz
1930,MSC_84308.0,Rap
1931,MSC_38698.0,Rock
1932,MSC_24710.0,Jazz
1933,MSC_40458.0,Rock
1934,MSC_40622.0,Rock
1935,MSC_58808.0,Rock
1936,MSC_64717.0,Rock
1937,MSC_54335.0,Rap
1938,MSC_89679.0,Classical
1939,MSC_24488.0,Classical
1940,MSC_73091.0,Jazz
1941,MSC_58541.0,Rock
1942,MSC_84692.0,Rock
1943,MSC_39062.0,Rap
1944,MSC_62461.0,Rock
1945,MSC_57332.0,Rap
1946,MSC_90997.0,Rock
1947,MSC_34517.0,Rock
1948,MSC_56130.0,Rock
1949,MSC_84332.0,Jazz
1950,MSC_32201.0,Classical
1951,MSC_27597.0,Classical
1952,MSC_60796.0,Jazz
1953,MSC_60247.0,Jazz
1954,MSC_49353.0,Rap
1955,MSC_52024.0,Rock
1956,MSC_82970.0,Rock
1957,MSC_79966.0,Rock
1958,MSC_27901.0,Classical
1959,MSC_84467.0,Rock
1960,MSC_78909.0,Classical
1961,MSC_83952.0,Jazz
1962,MSC_35352.0,Country
1963,MSC_72062.0,Rock
1964,MSC_25185.0,Rock
1965,MSC_26399.0,Rap
1966,MSC_56161.0,Rock
1967,MSC_63774.0,Jazz
1968,MSC_63270.0,Classical
1969,MSC_35613.0,Jazz
1970,MSC_35783.0,Classical
1971,MSC_40868.0,Classical
1972,MSC_80540.0,Rock
1973,MSC_81555.0,Classical
1974,MSC_34240.0,Classical
1975,MSC_86121.0,Rap
1976,MSC_60006.0,Rock
1977,MSC_56544.0,Rap
1978,MSC_38544.0,Rap
1979,MSC_30674.0,Classical
1980,MSC_62130.0,Rock
1981,MSC_24165.0,Jazz
1982,MSC_75128.0,Jazz
1983,MSC_60296.0,Rock
1984,MSC_38807.0,Rap
1985,MSC_53848.0,Classical
1986,MSC_46178.0,Classical
1987,MSC_25552.0,Rap
1988,MSC_53920.0,Classical
1989,MSC_36524.0,Rock
1990,MSC_84474.0,Classical
1991,MSC_70226.0,Rap
1992,MSC_71648.0,Rock
1993,MSC_61458.0,Rock
1994,MSC_48074.0,Rock
1995,MSC_67782.0,Rock
1996,MSC_52307.0,Classical
1997,MSC_70249.0,Rock
1998,MSC_25206.0,Jazz
1999,MSC_79923.0,Jazz
2000,MSC_21998.0,Jazz
2001,MSC_89173.0,Rap
2002,MSC_83863.0,Classical
2003,MSC_79607.0,Classical
2004,MSC_54683.0,Classical
2005,MSC_62558.0,Classical
2006,MSC_87690.0,Rap
2007,MSC_35872.0,Classical
2008,MSC_27319.0,Classical
2009,MSC_41684.0,Rock
2010,MSC_67776.0,Classical
2011,MSC_55676.0,Rap
2012,MSC_88156.0,Jazz
2013,MSC_77326.0,Classical
2014,MSC_23548.0,Rock
2015,MSC_24188.0,Rock
2016,MSC_63554.0,Rock
2017,MSC_75298.0,Jazz
2018,MSC_37533.0,Classical
2019,MSC_28911.0,Jazz
2020,MSC_57971.0,Classical
2021,MSC_38723.0,Rap
2022,MSC_32225.0,Classical
2023,MSC_44314.0,Rock
2024,MSC_39978.0,Rock
2025,MSC_45943.0,Rock
2026,MSC_54283.0,Rock
2027,MSC_84282.0,Rap
2028,MSC_37050.0,Classical
2029,MSC_51852.0,Classical
2030,MSC_74928.0,Rock
2031,MSC_88939.0,Classical
2032,MSC_65903.0,Jazz
2033,MSC_70084.0,Rap
2034,MSC_25287.0,Jazz
2035,MSC_79106.0,Rock
2036,MSC_68512.0,Jazz
2037,MSC_38341.0,Jazz
2038,MSC_42262.0,Jazz
2039,MSC_81503.0,Jazz
2040,MSC_86918.0,Rock
2041,MSC_55866.0,Rap
2042,MSC_47251.0,Rock
2043,MSC_28964.0,Rock
2044,MSC_90556.0,Rock
2045,MSC_31729.0,Jazz
2046,MSC_83738.0,Rock
2047,MSC_55348.0,Rap
2048,MSC_75424.0,Classical
2049,MSC_67741.0,Rock
2050,MSC_46582.0,Rock
2051,MSC_45738.0,Classical
2052,MSC_40735.0,Rock
2053,MSC_49850.0,Rap
2054,MSC_78219.0,Jazz
2055,MSC_46383.0,Jazz
2056,MSC_39599.0,Rap
2057,MSC_62735.0,Rock
2058,MSC_37609.0,Rock
2059,MSC_61508.0,Rock
2060,MSC_30673.0,Jazz
2061,MSC_51177.0,Jazz
2062,MSC_70278.0,Rap
2063,MSC_64523.0,Classical
2064,MSC_38893.0,Classical
2065,MSC_26669.0,Jazz
2066,MSC_26770.0,Rock
2067,MSC_24718.0,Rap
2068,MSC_89325.0,Rock
2069,MSC_35304.0,Jazz
2070,MSC_80959.0,Classical
2071,MSC_91083.0,Rap
2072,MSC_60541.0,Rock
2073,MSC_63383.0,Rock
2074,MSC_22853.0,Rock
2075,MSC_86706.0,Rock
2076,MSC_75782.0,Classical
2077,MSC_67008.0,Classical
2078,MSC_70471.0,Rock
2079,MSC_33037.0,Rock
2080,MSC_29985.0,Rap
2081,MSC_50292.0,Rap
2082,MSC_21019.0,Rap
2083,MSC_80276.0,Jazz
2084,MSC_42624.0,Rock
2085,MSC_29696.0,Rap
2086,MSC_26483.0,Rock
2087,MSC_90515.0,Rock
2088,MSC_42652.0,Jazz
2089,MSC_85426.0,Rock
2090,MSC_67905.0,Rock
2091,MSC_47963.0,Rap
2092,MSC_77014.0,Rock
2093,MSC_43191.0,Rock
2094,MSC_33352.0,Electronic
2095,MSC_62955.0,Classical
2096,MSC_66921.0,Rock
2097,MSC_75522.0,Rock
2098,MSC_28611.0,Rock
2099,MSC_91451.0,Electronic
2100,MSC_52188.0,Jazz
2101,MSC_68062.0,Rock
2102,MSC_81284.0,Rock
2103,MSC_33271.0,Rap
2104,MSC_23657.0,Rock
2105,MSC_79130.0,Electronic
2106,MSC_52879.0,Classical
2107,MSC_44608.0,Rock
2108,MSC_67207.0,Classical
2109,MSC_54413.0,Rock
2110,MSC_64084.0,Classical
2111,MSC_23784.0,Classical
2112,MSC_47547.0,Rap
2113,MSC_23962.0,Classical
2114,MSC_58987.0,Classical
2115,MSC_69239.0,Rock
2116,MSC_41120.0,Classical
2117,MSC_52204.0,Classical
2118,MSC_86808.0,Rap
2119,MSC_30361.0,Jazz
2120,MSC_83948.0,Rock
2121,MSC_38693.0,Jazz
2122,MSC_23990.0,Jazz
2123,MSC_26533.0,Rock
2124,MSC_41833.0,Jazz
2125,MSC_80429.0,Rock
2126,MSC_51105.0,Rap
2127,MSC_33653.0,Rock
2128,MSC_80039.0,Jazz
2129,MSC_47907.0,Rock
2130,MSC_66792.0,Rap
2131,MSC_53653.0,Rap
2132,MSC_80203.0,Jazz
2133,MSC_79896.0,Rock
2134,MSC_47864.0,Rap
2135,MSC_76602.0,Rock
2136,MSC_71531.0,Rock
2137,MSC_52100.0,Rap
2138,MSC_39164.0,Classical
2139,MSC_73321.0,Jazz
2140,MSC_81818.0,Rock
2141,MSC_78865.0,Classical
2142,MSC_65466.0,Rap
2143,MSC_65792.0,Rap
2144,MSC_25260.0,Jazz
2145,MSC_31231.0,Classical
2146,MSC_89029.0,Rock
2147,MSC_56943.0,Rock
2148,MSC_87709.0,Rap
2149,MSC_84508.0,Country
2150,MSC_60313.0,Rap
2151,MSC_67826.0,Jazz
2152,MSC_79673.0,Rap
2153,MSC_51091.0,Classical
2154,MSC_49047.0,Classical
2155,MSC_62615.0,Classical
2156,MSC_50660.0,Classical
2157,MSC_26839.0,Rock
2158,MSC_41011.0,Rap
2159,MSC_88404.0,Rap
2160,MSC_24551.0,Rap
2161,MSC_80418.0,Classical
2162,MSC_32659.0,Rock
2163,MSC_27827.0,Classical
2164,MSC_74544.0,Classical
2165,MSC_40402.0,Classical
2166,MSC_40492.0,Rock
2167,MSC_64096.0,Classical
2168,MSC_28216.0,Classical
2169,MSC_24856.0,Jazz
2170,MSC_63478.0,Rock
2171,MSC_59401.0,Rap
2172,MSC_27027.0,Classical
2173,MSC_21362.0,Classical
2174,MSC_40987.0,Classical
2175,MSC_26340.0,Rock
2176,MSC_52158.0,Rock
2177,MSC_21811.0,Jazz
2178,MSC_44362.0,Rap
2179,MSC_38219.0,Classical
2180,MSC_72903.0,Jazz
2181,MSC_28449.0,Classical
2182,MSC_81807.0,Rock
2183,MSC_63427.0,Rock
2184,MSC_45935.0,Classical
2185,MSC_40956.0,Rock
2186,MSC_48999.0,Rock
2187,MSC_61743.0,Rock
2188,MSC_55632.0,Rock
2189,MSC_73810.0,Jazz
2190,MSC_72748.0,Rock
2191,MSC_21839.0,Rock
2192,MSC_68076.0,Rock
2193,MSC_36477.0,Rock
2194,MSC_90721.0,Classical
2195,MSC_49962.0,Jazz
2196,MSC_43510.0,Classical
2197,MSC_36893.0,Country
2198,MSC_80375.0,Rock
2199,MSC_28692.0,Jazz
2200,MSC_21264.0,Classical
2201,MSC_74379.0,Classical
2202,MSC_55358.0,Rock
2203,MSC_28020.0,Rap
2204,MSC_59223.0,Jazz
2205,MSC_90554.0,Jazz
2206,MSC_38052.0,Rock
2207,MSC_72089.0,Rap
2208,MSC_63811.0,Jazz
2209,MSC_50767.0,Rock
2210,MSC_48713.0,Jazz
2211,MSC_47091.0,Rap
2212,MSC_72272.0,Jazz
2213,MSC_53634.0,Rap
2214,MSC_22795.0,Classical
2215,MSC_59969.0,Rock
2216,MSC_43199.0,Jazz
2217,MSC_64212.0,Rap
2218,MSC_21030.0,Rock
2219,MSC_75616.0,Rock
2220,MSC_55552.0,Jazz
2221,MSC_77432.0,Classical
2222,MSC_23302.0,Jazz
2223,MSC_70522.0,Rock
2224,MSC_34921.0,Rock
2225,MSC_88166.0,Rap
2226,MSC_88763.0,Classical
2227,MSC_90143.0,Rap
2228,MSC_38779.0,Rap
2229,MSC_42651.0,Rap
2230,MSC_72156.0,Jazz
2231,MSC_73674.0,Rock
2232,MSC_32781.0,Jazz
2233,MSC_65518.0,Classical
2234,MSC_82350.0,Rock
2235,MSC_81928.0,Rock
2236,MSC_59700.0,Jazz
2237,MSC_58490.0,Rap
2238,MSC_53909.0,Rap
2239,MSC_51965.0,Classical
2240,MSC_79909.0,Classical
2241,MSC_68553.0,Jazz
2242,MSC_23251.0,Rap
2243,MSC_82655.0,Rock
2244,MSC_75508.0,Country
2245,MSC_79234.0,Rap
2246,MSC_28030.0,Jazz
2247,MSC_70435.0,Jazz
2248,MSC_83400.0,Classical
2249,MSC_49218.0,Rap
2250,MSC_88435.0,Rock
2251,MSC_24432.0,Rock
2252,MSC_76905.0,Jazz
2253,MSC_83001.0,Rock
2254,MSC_40263.0,Rock
2255,MSC_64848.0,Jazz
2256,MSC_83732.0,Jazz
2257,MSC_47030.0,Rap
2258,MSC_61245.0,Classical
2259,MSC_27329.0,Country
2260,MSC_28726.0,Rock
2261,MSC_68510.0,Jazz
2262,MSC_38384.0,Classical
2263,MSC_40727.0,Jazz
2264,MSC_32482.0,Classical
2265,MSC_53896.0,Rock
2266,MSC_60294.0,Classical
2267,MSC_65399.0,Rock
2268,MSC_22701.0,Jazz
2269,MSC_74592.0,Classical
2270,MSC_86211.0,Rock
2271,MSC_64867.0,Rock
2272,MSC_79521.0,Rock
2273,MSC_46318.0,Jazz
2274,MSC_59462.0,Rock
2275,MSC_66492.0,Rock
2276,MSC_51446.0,Classical
2277,MSC_65456.0,Rap
2278,MSC_85550.0,Rock
2279,MSC_80215.0,Classical
2280,MSC_45791.0,Jazz
2281,MSC_53283.0,Rock
2282,MSC_31708.0,Electronic
2283,MSC_31152.0,Rock
2284,MSC_76951.0,Classical
2285,MSC_24054.0,Jazz
2286,MSC_32799.0,Rock
2287,MSC_59749.0,Classical
2288,MSC_73494.0,Classical
2289,MSC_35794.0,Jazz
2290,MSC_83238.0,Classical
2291,MSC_75407.0,Classical
2292,MSC_20084.0,Classical
2293,MSC_52271.0,Rock
2294,MSC_37980.0,Rock
2295,MSC_30949.0,Rap
2296,MSC_76632.0,Classical
2297,MSC_81310.0,Rock
2298,MSC_24346.0,Rap
2299,MSC_63959.0,Jazz
2300,MSC_26351.0,Rap
2301,MSC_36795.0,Classical
2302,MSC_45757.0,Rock
2303,MSC_45372.0,Rock
2304,MSC_30064.0,Rock
2305,MSC_54191.0,Jazz
2306,MSC_37937.0,Rap
2307,MSC_52782.0,Rap
2308,MSC_51030.0,Jazz
2309,MSC_20468.0,Rap
2310,MSC_89073.0,Rap
2311,MSC_84377.0,Jazz
2312,MSC_44583.0,Classical
2313,MSC_81166.0,Jazz
2314,MSC_65544.0,Jazz
2315,MSC_78383.0,Classical
2316,MSC_90662.0,Jazz
2317,MSC_25186.0,Rap
2318,MSC_64016.0,Jazz
2319,MSC_67709.0,Jazz
2320,MSC_21276.0,Rap
2321,MSC_33919.0,Jazz
2322,MSC_25592.0,Rock
2323,MSC_48233.0,Classical
2324,MSC_31064.0,Rap
2325,MSC_56378.0,Rap
2326,MSC_20328.0,Rock
2327,MSC_35228.0,Rock
2328,MSC_62495.0,Rock
2329,MSC_73699.0,Jazz
2330,MSC_42718.0,Jazz
2331,MSC_64928.0,Classical
2332,MSC_31419.0,Rap
2333,MSC_70712.0,Classical
2334,MSC_42452.0,Rock
2335,MSC_49913.0,Country
2336,MSC_65672.0,Classical
2337,MSC_45166.0,Jazz
2338,MSC_65285.0,Rock
2339,MSC_59848.0,Rock
2340,MSC_81661.0,Country
2341,MSC_30198.0,Rock
2342,MSC_60143.0,Classical
2343,MSC_25081.0,Rap
2344,MSC_62908.0,Jazz
2345,MSC_67422.0,Rap
2346,MSC_28760.0,Rap
2347,MSC_34695.0,Classical
2348,MSC_25639.0,Classical
2349,MSC_47576.0,Classical
2350,MSC_28954.0,Classical
2351,MSC_28106.0,Rap
2352,MSC_86283.0,Jazz
2353,MSC_28181.0,Rap
2354,MSC_40410.0,Rap
2355,MSC_59253.0,Country
2356,MSC_82318.0,Classical
2357,MSC_25695.0,Jazz
2358,MSC_53572.0,Classical
2359,MSC_62271.0,Jazz
2360,MSC_21124.0,Rap
2361,MSC_24127.0,Rock
2362,MSC_65351.0,Rap
2363,MSC_55687.0,Jazz
2364,MSC_46312.0,Rock
2365,MSC_47026.0,Classical
2366,MSC_71995.0,Classical
2367,MSC_87151.0,Classical
2368,MSC_42280.0,Jazz
2369,MSC_70477.0,Rock
2370,MSC_42243.0,Classical
2371,MSC_86247.0,Rap
2372,MSC_53885.0,Rock
2373,MSC_78337.0,Classical
2374,MSC_66426.0,Rock
2375,MSC_83408.0,Country
2376,MSC_88693.0,Jazz
2377,MSC_74219.0,Rap
2378,MSC_52905.0,Classical
2379,MSC_59023.0,Rap
2380,MSC_24851.0,Classical
2381,MSC_76138.0,Rock
2382,MSC_41512.0,Classical
2383,MSC_89077.0,Rock
2384,MSC_68544.0,Jazz
2385,MSC_56795.0,Rock
2386,MSC_52351.0,Rap
2387,MSC_29226.0,Jazz
2388,MSC_56722.0,Rock
2389,MSC_90387.0,Classical
2390,MSC_83712.0,Rap
2391,MSC_43050.0,Rap
2392,MSC_91146.0,Rap
2393,MSC_66023.0,Rap
2394,MSC_85765.0,Rock
2395,MSC_84236.0,Rap
2396,MSC_20887.0,Rock
2397,MSC_85502.0,Classical
2398,MSC_61057.0,Classical
2399,MSC_48484.0,Classical
2400,MSC_37796.0,Rock
2401,MSC_24861.0,Classical
2402,MSC_79697.0,Classical
2403,MSC_73696.0,Rock
2404,MSC_56375.0,Country
2405,MSC_75738.0,Rock
2406,MSC_43835.0,Rock
2407,MSC_53028.0,Rap
2408,MSC_30051.0,Classical
2409,MSC_66700.0,Classical
2410,MSC_47644.0,Classical
2411,MSC_56587.0,Rap
2412,MSC_86388.0,Jazz
2413,MSC_29602.0,Rap
2414,MSC_53545.0,Classical
2415,MSC_41537.0,Classical
2416,MSC_85446.0,Rock
2417,MSC_74149.0,Rap
2418,MSC_29402.0,Rock
2419,MSC_60454.0,Rock
2420,MSC_43513.0,Classical
2421,MSC_23375.0,Rock
2422,MSC_76081.0,Jazz
2423,MSC_68224.0,Rock
2424,MSC_77847.0,Rock
2425,MSC_31941.0,Rock
2426,MSC_43769.0,Classical
2427,MSC_63226.0,Classical
2428,MSC_58642.0,Classical
2429,MSC_72021.0,Rock
2430,MSC_21280.0,Rap
2431,MSC_67800.0,Rock
2432,MSC_24201.0,Rap
2433,MSC_76704.0,Rap
2434,MSC_57141.0,Jazz
2435,MSC_42057.0,Rock
2436,MSC_64976.0,Rock
2437,MSC_66270.0,Classical
2438,MSC_22471.0,Rock
2439,MSC_84192.0,Classical
2440,MSC_22418.0,Rap
2441,MSC_64554.0,Country
2442,MSC_81952.0,Classical
2443,MSC_75572.0,Rock
2444,MSC_77579.0,Rock
2445,MSC_39574.0,Classical
2446,MSC_77279.0,Jazz
2447,MSC_22216.0,Rock
2448,MSC_59354.0,Rock
2449,MSC_36923.0,Rock
2450,MSC_73491.0,Rock
2451,MSC_79203.0,Classical
2452,MSC_55801.0,Classical
2453,MSC_68049.0,Classical
2454,MSC_78864.0,Rock
2455,MSC_62422.0,Rock
2456,MSC_57208.0,Rock
2457,MSC_23966.0,Rock
2458,MSC_40270.0,Rap
2459,MSC_48329.0,Jazz
2460,MSC_87712.0,Rap
2461,MSC_81354.0,Rap
2462,MSC_70336.0,Jazz
2463,MSC_26423.0,Classical
2464,MSC_65916.0,Classical
2465,MSC_71260.0,Rap
2466,MSC_79515.0,Classical
2467,MSC_81749.0,Jazz
2468,MSC_86694.0,Rap
2469,MSC_65146.0,Rock
2470,MSC_22251.0,Rock
2471,MSC_32395.0,Rock
2472,MSC_35704.0,Rap
2473,MSC_63186.0,Classical
2474,MSC_27014.0,Classical
2475,MSC_90641.0,Classical
2476,MSC_46356.0,Classical
2477,MSC_44090.0,Rock
2478,MSC_60649.0,Classical
2479,MSC_85714.0,Classical
2480,MSC_73660.0,Classical
2481,MSC_78033.0,Rap
2482,MSC_65375.0,Rap
2483,MSC_84715.0,Rock
2484,MSC_84932.0,Rock
2485,MSC_87243.0,Rap
2486,MSC_62465.0,Rock
2487,MSC_77633.0,Classical
2488,MSC_44257.0,Rock
2489,MSC_83082.0,Rap
2490,MSC_51867.0,Rock
2491,MSC_90336.0,Rap
2492,MSC_31749.0,Classical
2493,MSC_65138.0,Rap
2494,MSC_87700.0,Jazz
2495,MSC_72296.0,Rock
2496,MSC_70974.0,Rock
2497,MSC_39296.0,Classical
2498,MSC_41184.0,Rock
2499,MSC_57474.0,Jazz
2500,MSC_73038.0,Jazz
2501,MSC_26001.0,Classical
2502,MSC_77805.0,Rap
2503,MSC_26379.0,Classical
2504,MSC_44304.0,Rock
2505,MSC_84898.0,Jazz
2506,MSC_71673.0,Jazz
2507,MSC_42612.0,Classical
2508,MSC_60069.0,Rock
2509,MSC_56342.0,Jazz
2510,MSC_23859.0,Jazz
2511,MSC_74728.0,Rap
2512,MSC_67775.0,Rock
2513,MSC_30068.0,Jazz
2514,MSC_87213.0,Classical
2515,MSC_42112.0,Classical
2516,MSC_62903.0,Classical
2517,MSC_21254.0,Classical
2518,MSC_59396.0,Rap
2519,MSC_58273.0,Jazz
2520,MSC_85347.0,Rock
2521,MSC_73753.0,Rap
2522,MSC_87620.0,Rock
2523,MSC_25611.0,Rock
2524,MSC_27291.0,Rap
2525,MSC_72830.0,Rock
2526,MSC_56195.0,Rock
2527,MSC_81633.0,Jazz
2528,MSC_27515.0,Rap
2529,MSC_86573.0,Classical
2530,MSC_47473.0,Classical
2531,MSC_53644.0,Jazz
2532,MSC_59461.0,Classical
2533,MSC_43919.0,Rock
2534,MSC_60160.0,Rock
2535,MSC_28142.0,Rock
2536,MSC_33252.0,Classical
2537,MSC_31198.0,Rock
2538,MSC_72428.0,Rap
2539,MSC_90783.0,Jazz
2540,MSC_41340.0,Classical
2541,MSC_90401.0,Jazz
2542,MSC_74816.0,Classical
2543,MSC_77465.0,Rap
2544,MSC_38053.0,Classical
2545,MSC_54255.0,Jazz
2546,MSC_28021.0,Rap
2547,MSC_33229.0,Rock
2548,MSC_62184.0,Rock
2549,MSC_25973.0,Classical
2550,MSC_30590.0,Classical
2551,MSC_80098.0,Rap
2552,MSC_24464.0,Classical
2553,MSC_67587.0,Classical
2554,MSC_29560.0,Rock
2555,MSC_29885.0,Rock
2556,MSC_54550.0,Rock
2557,MSC_68946.0,Jazz
2558,MSC_48487.0,Rap
2559,MSC_84269.0,Jazz
2560,MSC_85358.0,Rock
2561,MSC_48473.0,Rock
2562,MSC_49164.0,Rock
2563,MSC_20110.0,Rock
2564,MSC_68413.0,Jazz
2565,MSC_89619.0,Rap
2566,MSC_25109.0,Classical
2567,MSC_58418.0,Jazz
2568,MSC_67342.0,Classical
2569,MSC_63323.0,Jazz
2570,MSC_40335.0,Classical
2571,MSC_43724.0,Rock
2572,MSC_76289.0,Jazz
2573,MSC_90811.0,Classical
2574,MSC_71913.0,Rap
2575,MSC_23424.0,Classical
2576,MSC_32790.0,Rock
2577,MSC_35942.0,Classical
2578,MSC_22675.0,Rap
2579,MSC_24641.0,Jazz
2580,MSC_88923.0,Rock
2581,MSC_72632.0,Rap
2582,MSC_36008.0,Jazz
2583,MSC_77141.0,Rap
2584,MSC_63682.0,Rock
2585,MSC_23184.0,Rock
2586,MSC_43195.0,Classical
2587,MSC_75499.0,Rap
2588,MSC_49951.0,Rap
2589,MSC_73988.0,Rock
2590,MSC_55962.0,Jazz
2591,MSC_62998.0,Rap
2592,MSC_63310.0,Classical
2593,MSC_45712.0,Rap
2594,MSC_45463.0,Rock
2595,MSC_76627.0,Classical
2596,MSC_63450.0,Rap
2597,MSC_38593.0,Rap
2598,MSC_59614.0,Jazz
2599,MSC_65248.0,Rock
2600,MSC_56640.0,Rap
2601,MSC_56318.0,Rock
2602,MSC_84398.0,Rock
2603,MSC_47388.0,Rap
2604,MSC_47024.0,Classical
2605,MSC_24882.0,Rap
2606,MSC_61571.0,Rap
2607,MSC_86451.0,Jazz
2608,MSC_43240.0,Rock
2609,MSC_58695.0,Rap
2610,MSC_84601.0,Rock
2611,MSC_83337.0,Rock
2612,MSC_43533.0,Rock
2613,MSC_50835.0,Classical
2614,MSC_37389.0,Rap
2615,MSC_66073.0,Rock
2616,MSC_40731.0,Rap
2617,MSC_25328.0,Jazz
2618,MSC_75538.0,Rock
2619,MSC_34398.0,Rock
2620,MSC_67499.0,Rap
2621,MSC_61640.0,Rap
2622,MSC_36596.0,Rap
2623,MSC_34786.0,Jazz
2624,MSC_22936.0,Rap
2625,MSC_51712.0,Rock
2626,MSC_20450.0,Rock
2627,MSC_86729.0,Country
2628,MSC_72000.0,Rock
2629,MSC_62244.0,Classical
2630,MSC_24961.0,Jazz
2631,MSC_23476.0,Rock
2632,MSC_45016.0,Classical
2633,MSC_28133.0,Rock
2634,MSC_30159.0,Rock
2635,MSC_28095.0,Rock
2636,MSC_71137.0,Classical
2637,MSC_60919.0,Rap
2638,MSC_50216.0,Rock
2639,MSC_37599.0,Jazz
2640,MSC_43075.0,Rock
2641,MSC_83282.0,Rock
2642,MSC_69297.0,Rock
2643,MSC_84054.0,Rock
2644,MSC_51874.0,Electronic
2645,MSC_53198.0,Rock
2646,MSC_53410.0,Classical
2647,MSC_51876.0,Rock
2648,MSC_55898.0,Rock
2649,MSC_48711.0,Rock
2650,MSC_38378.0,Jazz
2651,MSC_39224.0,Rap
2652,MSC_26428.0,Jazz
2653,MSC_22801.0,Rap
2654,MSC_51451.0,Classical
2655,MSC_22351.0,Rap
2656,MSC_91728.0,Rock
2657,MSC_29194.0,Rap
2658,MSC_74397.0,Rap
2659,MSC_38211.0,Classical
2660,MSC_29866.0,Jazz
2661,MSC_37235.0,Rap
2662,MSC_83609.0,Jazz
2663,MSC_60412.0,Rock
2664,MSC_81602.0,Jazz
2665,MSC_55933.0,Rock
2666,MSC_74488.0,Rock
2667,MSC_38815.0,Rock
2668,MSC_72477.0,Classical
2669,MSC_78875.0,Classical
2670,MSC_43092.0,Country
2671,MSC_86927.0,Classical
2672,MSC_69853.0,Jazz
2673,MSC_69594.0,Classical
2674,MSC_29596.0,Classical
2675,MSC_21462.0,Rock
2676,MSC_33885.0,Rap
2677,MSC_84400.0,Jazz
2678,MSC_78027.0,Rock
2679,MSC_25201.0,Rock
2680,MSC_51938.0,Jazz
2681,MSC_67947.0,Rap
2682,MSC_36309.0,Classical
2683,MSC_83407.0,Rock
2684,MSC_51811.0,Rap
2685,MSC_34546.0,Jazz
2686,MSC_85534.0,Jazz
2687,MSC_90528.0,Rap
2688,MSC_68326.0,Rock
2689,MSC_23709.0,Rock
2690,MSC_91657.0,Jazz
2691,MSC_64795.0,Classical
2692,MSC_81988.0,Rock
2693,MSC_67506.0,Country
2694,MSC_65609.0,Classical
2695,MSC_76699.0,Classical
2696,MSC_71989.0,Rock
2697,MSC_34245.0,Jazz
2698,MSC_86953.0,Rap
2699,MSC_22543.0,Jazz
2700,MSC_69488.0,Classical
2701,MSC_38375.0,Rap
2702,MSC_49288.0,Classical
2703,MSC_55314.0,Rap
2704,MSC_61807.0,Rock
2705,MSC_48203.0,Electronic
2706,MSC_41826.0,Rock
2707,MSC_34796.0,Classical
2708,MSC_28130.0,Classical
2709,MSC_52086.0,Jazz
2710,MSC_80144.0,Rap
2711,MSC_60022.0,Rock
2712,MSC_53118.0,Rap
2713,MSC_90818.0,Jazz
2714,MSC_68785.0,Jazz
2715,MSC_68969.0,Classical
2716,MSC_82229.0,Rap
2717,MSC_27584.0,Rock
2718,MSC_58510.0,Rock
2719,MSC_41569.0,Rap
2720,MSC_28510.0,Jazz
2721,MSC_20638.0,Jazz
2722,MSC_73869.0,Jazz
2723,MSC_53057.0,Classical
2724,MSC_29243.0,Classical
2725,MSC_87136.0,Rock
2726,MSC_53987.0,Classical
2727,MSC_34086.0,Rock
2728,MSC_83639.0,Jazz
2729,MSC_40750.0,Classical
2730,MSC_81004.0,Jazz
2731,MSC_89458.0,Jazz
2732,MSC_22140.0,Classical
2733,MSC_22156.0,Rock
2734,MSC_74934.0,Classical
2735,MSC_20600.0,Classical
2736,MSC_53142.0,Rap
2737,MSC_25234.0,Rock
2738,MSC_37764.0,Classical
2739,MSC_89739.0,Jazz
2740,MSC_41127.0,Rock
2741,MSC_64887.0,Jazz
2742,MSC_49626.0,Classical
2743,MSC_63498.0,Rock
2744,MSC_62437.0,Rock
2745,MSC_53731.0,Rap
2746,MSC_52555.0,Country
2747,MSC_44613.0,Rock
2748,MSC_39903.0,Classical
2749,MSC_49337.0,Jazz
2750,MSC_29180.0,Rock
2751,MSC_39976.0,Classical
2752,MSC_81668.0,Classical
2753,MSC_40036.0,Rock
2754,MSC_28068.0,Rock
2755,MSC_40142.0,Rap
2756,MSC_51454.0,Classical
2757,MSC_85771.0,Classical
2758,MSC_66119.0,Classical
2759,MSC_22036.0,Jazz
2760,MSC_47291.0,Jazz
2761,MSC_60015.0,Jazz
2762,MSC_28763.0,Classical
2763,MSC_33302.0,Rock
2764,MSC_90271.0,Jazz
2765,MSC_64557.0,Jazz
2766,MSC_40084.0,Classical
2767,MSC_23933.0,Rock
2768,MSC_65336.0,Classical
2769,MSC_52294.0,Rap
2770,MSC_20792.0,Jazz
2771,MSC_21656.0,Jazz
2772,MSC_49346.0,Rap
2773,MSC_68954.0,Jazz
2774,MSC_35564.0,Rap
2775,MSC_47657.0,Rock
2776,MSC_37771.0,Rap
2777,MSC_59014.0,Classical
2778,MSC_38020.0,Rap
2779,MSC_90763.0,Jazz
2780,MSC_69728.0,Classical
2781,MSC_27893.0,Rap
2782,MSC_53953.0,Rock
2783,MSC_42053.0,Classical
2784,MSC_85643.0,Rock
2785,MSC_42888.0,Classical
2786,MSC_63031.0,Rap
2787,MSC_73263.0,Jazz
2788,MSC_70141.0,Rap
2789,MSC_74013.0,Jazz
2790,MSC_49363.0,Rap
2791,MSC_50474.0,Rock
2792,MSC_52222.0,Rap
2793,MSC_77002.0,Classical
2794,MSC_26940.0,Jazz
2795,MSC_75135.0,Jazz
2796,MSC_49016.0,Classical
2797,MSC_43539.0,Classical
2798,MSC_90669.0,Rap
2799,MSC_25412.0,Rock
2800,MSC_77538.0,Classical
2801,MSC_51796.0,Rock
2802,MSC_74675.0,Rock
2803,MSC_33437.0,Jazz
2804,MSC_77322.0,Rock
2805,MSC_46331.0,Rap
2806,MSC_39551.0,Jazz
2807,MSC_52273.0,Rock
2808,MSC_37565.0,Rock
2809,MSC_77607.0,Rap
2810,MSC_53312.0,Rock
2811,MSC_30775.0,Jazz
2812,MSC_43062.0,Jazz
2813,MSC_28459.0,Rap
2814,MSC_36777.0,Rock
2815,MSC_74651.0,Rap
2816,MSC_59873.0,Jazz
2817,MSC_37115.0,Classical
2818,MSC_30439.0,Jazz
2819,MSC_45175.0,Classical
2820,MSC_77528.0,Rap
2821,MSC_23568.0,Classical
2822,MSC_23292.0,Jazz
2823,MSC_27225.0,Rock
2824,MSC_88520.0,Rock
2825,MSC_84364.0,Rock
2826,MSC_89545.0,Rock
2827,MSC_89366.0,Classical
2828,MSC_46859.0,Jazz
2829,MSC_50271.0,Classical
2830,MSC_81743.0,Jazz
2831,MSC_30693.0,Jazz
2832,MSC_30504.0,Jazz
2833,MSC_69537.0,Classical
2834,MSC_32947.0,Rock
2835,MSC_23832.0,Classical
2836,MSC_26582.0,Classical
2837,MSC_67637.0,Rap
2838,MSC_32057.0,Rap
2839,MSC_36399.0,Classical
2840,MSC_86397.0,Rock
2841,MSC_78696.0,Rock
2842,MSC_51144.0,Rap
2843,MSC_52247.0,Jazz
2844,MSC_39256.0,Rock
2845,MSC_51263.0,Jazz
2846,MSC_51677.0,Rap
2847,MSC_30470.0,Jazz
2848,MSC_76605.0,Jazz
2849,MSC_45154.0,Classical
2850,MSC_44744.0,Classical
2851,MSC_44295.0,Rock
2852,MSC_40081.0,Classical
2853,MSC_66340.0,Jazz
2854,MSC_90750.0,Classical
2855,MSC_31961.0,Classical
2856,MSC_66435.0,Classical
2857,MSC_58904.0,Rap
2858,MSC_69116.0,Rock
2859,MSC_59616.0,Rap
2860,MSC_60597.0,Classical
2861,MSC_70201.0,Classical
2862,MSC_24375.0,Rock
2863,MSC_56140.0,Rock
2864,MSC_23702.0,Rock
2865,MSC_80974.0,Classical
2866,MSC_66676.0,Jazz
2867,MSC_50359.0,Jazz
2868,MSC_82418.0,Rock
2869,MSC_20338.0,Rap
2870,MSC_62918.0,Classical
2871,MSC_29671.0,Classical
2872,MSC_59764.0,Rap
2873,MSC_64372.0,Jazz
2874,MSC_56925.0,Rap
2875,MSC_53206.0,Rock
2876,MSC_45561.0,Rock
2877,MSC_27333.0,Rap
2878,MSC_64351.0,Rock
2879,MSC_60371.0,Rap
2880,MSC_47868.0,Rap
2881,MSC_51739.0,Jazz
2882,MSC_86876.0,Rap
2883,MSC_60126.0,Rock
2884,MSC_24585.0,Rock
2885,MSC_69955.0,Jazz
2886,MSC_70423.0,Rap
2887,MSC_22891.0,Rock
2888,MSC_23991.0,Jazz
2889,MSC_25499.0,Classical
2890,MSC_86236.0,Jazz
2891,MSC_28540.0,Classical
2892,MSC_73731.0,Classical
2893,MSC_30571.0,Classical
2894,MSC_81772.0,Rock
2895,MSC_78663.0,Classical
2896,MSC_39080.0,Rap
2897,MSC_80891.0,Classical
2898,MSC_22544.0,Rap
2899,MSC_50760.0,Classical
2900,MSC_44623.0,Rap
2901,MSC_87905.0,Jazz
2902,MSC_72155.0,Rap
2903,MSC_54068.0,Jazz
2904,MSC_70357.0,Jazz
2905,MSC_77832.0,Rap
2906,MSC_45822.0,Rock
2907,MSC_65840.0,Rock
2908,MSC_82424.0,Jazz
2909,MSC_91325.0,Classical
2910,MSC_88275.0,Rock
2911,MSC_35723.0,Rock
2912,MSC_52691.0,Classical
2913,MSC_23551.0,Classical
2914,MSC_64091.0,Country
2915,MSC_80624.0,Rap
2916,MSC_70428.0,Rap
2917,MSC_51525.0,Rock
2918,MSC_25893.0,Classical
2919,MSC_79343.0,Classical
2920,MSC_83212.0,Rap
2921,MSC_24519.0,Jazz
2922,MSC_82130.0,Rock
2923,MSC_91338.0,Jazz
2924,MSC_80047.0,Rock
2925,MSC_41759.0,Classical
2926,MSC_24972.0,Rap
2927,MSC_25894.0,Rap
2928,MSC_48189.0,Jazz
2929,MSC_29511.0,Jazz
2930,MSC_21486.0,Classical
2931,MSC_31722.0,Classical
2932,MSC_33734.0,Classical
2933,MSC_61335.0,Classical
2934,MSC_69359.0,Rock
2935,MSC_47781.0,Classical
2936,MSC_50642.0,Rock
2937,MSC_61004.0,Rock
2938,MSC_44973.0,Classical
2939,MSC_22122.0,Rap
2940,MSC_41721.0,Rap
2941,MSC_32210.0,Classical
2942,MSC_68493.0,Rap
2943,MSC_44534.0,Jazz
2944,MSC_63269.0,Electronic
2945,MSC_63972.0,Rap
2946,MSC_65201.0,Rock
2947,MSC_45084.0,Rap
2948,MSC_84378.0,Rap
2949,MSC_30320.0,Rock
2950,MSC_52981.0,Rap
2951,MSC_30502.0,Jazz
2952,MSC_76013.0,Classical
2953,MSC_46884.0,Jazz
2954,MSC_40231.0,Rock
2955,MSC_51868.0,Jazz
2956,MSC_90280.0,Classical
2957,MSC_83768.0,Jazz
2958,MSC_49338.0,Rock
2959,MSC_66727.0,Jazz
2960,MSC_64007.0,Rap
2961,MSC_78493.0,Rock
2962,MSC_53638.0,Jazz
2963,MSC_76934.0,Jazz
2964,MSC_50461.0,Classical
2965,MSC_89227.0,Rock
2966,MSC_48660.0,Jazz
2967,MSC_32503.0,Classical
2968,MSC_74320.0,Rock
2969,MSC_23930.0,Classical
2970,MSC_46786.0,Rap
2971,MSC_42551.0,Jazz
2972,MSC_61889.0,Rap
2973,MSC_73301.0,Rap
2974,MSC_44244.0,Classical
2975,MSC_79357.0,Classical
2976,MSC_38505.0,Rap
2977,MSC_88391.0,Classical
2978,MSC_22737.0,Rock
2979,MSC_57507.0,Jazz
2980,MSC_25009.0,Jazz
2981,MSC_43501.0,Rock
2982,MSC_37056.0,Classical
2983,MSC_43398.0,Rock
2984,MSC_79846.0,Jazz
2985,MSC_90517.0,Rap
2986,MSC_36984.0,Classical
2987,MSC_80001.0,Classical
2988,MSC_21768.0,Rock
2989,MSC_79661.0,Classical
2990,MSC_27819.0,Rock
2991,MSC_80298.0,Rock
2992,MSC_53364.0,Rap
2993,MSC_70955.0,Jazz
2994,MSC_23163.0,Rock
2995,MSC_59844.0,Rock
2996,MSC_37514.0,Rap
2997,MSC_20703.0,Classical
2998,MSC_45895.0,Country
2999,MSC_35862.0,Classical
3000,MSC_62048.0,Rock
3001,MSC_64418.0,Jazz
3002,MSC_26049.0,Rap
3003,MSC_51117.0,Rock
3004,MSC_29592.0,Jazz
3005,MSC_48939.0,Rap
3006,MSC_55658.0,Jazz
3007,MSC_74434.0,Classical
3008,MSC_48539.0,Rap
3009,MSC_88414.0,Classical
3010,MSC_56645.0,Jazz
3011,MSC_46154.0,Rock
3012,MSC_22162.0,Jazz
3013,MSC_49333.0,Classical
3014,MSC_69435.0,Rap
3015,MSC_42028.0,Classical
3016,MSC_36846.0,Rap
3017,MSC_38011.0,Rap
3018,MSC_31500.0,Jazz
3019,MSC_55644.0,Classical
3020,MSC_53705.0,Classical
3021,MSC_82561.0,Rock
3022,MSC_40269.0,Rap
3023,MSC_24386.0,Jazz
3024,MSC_40421.0,Rap
3025,MSC_30722.0,Classical
3026,MSC_31087.0,Rap
3027,MSC_58467.0,Rap
3028,MSC_61679.0,Jazz
3029,MSC_66212.0,Rock
3030,MSC_61766.0,Jazz
3031,MSC_49105.0,Classical
3032,MSC_83235.0,Rap
3033,MSC_75770.0,Jazz
3034,MSC_47786.0,Rock
3035,MSC_65439.0,Rock
3036,MSC_36731.0,Jazz
3037,MSC_66618.0,Jazz
3038,MSC_80694.0,Rock
3039,MSC_65207.0,Rock
3040,MSC_30396.0,Classical
3041,MSC_55821.0,Rap
3042,MSC_25452.0,Rock
3043,MSC_66692.0,Jazz
3044,MSC_55349.0,Classical
3045,MSC_38696.0,Rap
3046,MSC_83465.0,Classical
3047,MSC_71301.0,Jazz
3048,MSC_42870.0,Rock
3049,MSC_80902.0,Rap
3050,MSC_63179.0,Rap
3051,MSC_25326.0,Jazz
3052,MSC_48459.0,Classical
3053,MSC_40827.0,Jazz
3054,MSC_22814.0,Rap
3055,MSC_39099.0,Rock
3056,MSC_70277.0,Classical
3057,MSC_64272.0,Jazz
3058,MSC_60233.0,Classical
3059,MSC_46450.0,Classical
3060,MSC_75517.0,Classical
3061,MSC_64166.0,Rock
3062,MSC_83417.0,Rock
3063,MSC_55995.0,Classical
3064,MSC_87149.0,Jazz
3065,MSC_82538.0,Classical
3066,MSC_26532.0,Rock
3067,MSC_68645.0,Rock
3068,MSC_29057.0,Rock
3069,MSC_36285.0,Rock
3070,MSC_67390.0,Jazz
3071,MSC_46361.0,Classical
3072,MSC_58624.0,Classical
3073,MSC_88000.0,Rock
3074,MSC_81786.0,Jazz
3075,MSC_31753.0,Rock
3076,MSC_40685.0,Jazz
3077,MSC_27619.0,Jazz
3078,MSC_20153.0,Rock
3079,MSC_26984.0,Rap
3080,MSC_46499.0,Rock
3081,MSC_37139.0,Rock
3082,MSC_63763.0,Rock
3083,MSC_37289.0,Rap
3084,MSC_23699.0,Rap
3085,MSC_27404.0,Rock
3086,MSC_59474.0,Classical
3087,MSC_75633.0,Rock
3088,MSC_23065.0,Classical
3089,MSC_61819.0,Classical
3090,MSC_58368.0,Rock
3091,MSC_83513.0,Jazz
3092,MSC_60056.0,Jazz
3093,MSC_56455.0,Jazz
3094,MSC_37858.0,Rock
3095,MSC_60917.0,Classical
3096,MSC_34098.0,Jazz
3097,MSC_27608.0,Rock
3098,MSC_46787.0,Jazz
3099,MSC_44187.0,Rap
3100,MSC_36626.0,Jazz
3101,MSC_90781.0,Classical
3102,MSC_36308.0,Jazz
3103,MSC_59710.0,Classical
3104,MSC_90873.0,Rock
3105,MSC_79931.0,Rock
3106,MSC_88993.0,Rock
3107,MSC_73778.0,Rock
3108,MSC_75000.0,Rock
3109,MSC_58315.0,Rap
3110,MSC_80567.0,Jazz
3111,MSC_88232.0,Rock
3112,MSC_28399.0,Rap
3113,MSC_67126.0,Classical
3114,MSC_43659.0,Rock
3115,MSC_48121.0,Rap
3116,MSC_52097.0,Rock
3117,MSC_34449.0,Classical
3118,MSC_63594.0,Jazz
3119,MSC_65579.0,Jazz
3120,MSC_41653.0,Country
3121,MSC_74682.0,Rock
3122,MSC_65239.0,Classical
3123,MSC_26585.0,Classical
3124,MSC_23531.0,Rock
3125,MSC_71189.0,Classical
3126,MSC_40929.0,Jazz
3127,MSC_37532.0,Classical
3128,MSC_71954.0,Rock
3129,MSC_85977.0,Jazz
3130,MSC_41518.0,Rock
3131,MSC_90954.0,Jazz
3132,MSC_30706.0,Rap
3133,MSC_76006.0,Rap
3134,MSC_67863.0,Jazz
3135,MSC_57423.0,Classical
3136,MSC_69760.0,Jazz
3137,MSC_43264.0,Classical
3138,MSC_60370.0,Classical
3139,MSC_70271.0,Classical
3140,MSC_24657.0,Jazz
3141,MSC_75032.0,Jazz
3142,MSC_33343.0,Rock
3143,MSC_24069.0,Rock
3144,MSC_59538.0,Rap
3145,MSC_35179.0,Rock
3146,MSC_37773.0,Classical
3147,MSC_64266.0,Rock
3148,MSC_55223.0,Rock
3149,MSC_55627.0,Rock
3150,MSC_80961.0,Rock
3151,MSC_39483.0,Rap
3152,MSC_45257.0,Classical
3153,MSC_58267.0,Rap
3154,MSC_78148.0,Jazz
3155,MSC_74621.0,Classical
3156,MSC_48970.0,Rock
3157,MSC_78288.0,Jazz
3158,MSC_44770.0,Classical
3159,MSC_32997.0,Classical
3160,MSC_49405.0,Classical
3161,MSC_44794.0,Rap
3162,MSC_51084.0,Rock
3163,MSC_83778.0,Jazz
3164,MSC_30395.0,Rap
3165,MSC_66735.0,Jazz
3166,MSC_42013.0,Rap
3167,MSC_74349.0,Rock
3168,MSC_53952.0,Rap
3169,MSC_61115.0,Classical
3170,MSC_42709.0,Rock
3171,MSC_52251.0,Jazz
3172,MSC_36176.0,Rap
3173,MSC_64396.0,Rock
3174,MSC_31609.0,Rock
3175,MSC_43223.0,Classical
3176,MSC_66220.0,Rap
3177,MSC_78502.0,Classical
3178,MSC_37418.0,Rock
3179,MSC_52764.0,Rock
3180,MSC_90536.0,Rock
3181,MSC_33965.0,Rap
3182,MSC_43024.0,Jazz
3183,MSC_24138.0,Jazz
3184,MSC_27830.0,Rock
3185,MSC_37936.0,Rap
3186,MSC_75023.0,Jazz
3187,MSC_58954.0,Classical
3188,MSC_38232.0,Classical
3189,MSC_89198.0,Rock
3190,MSC_42935.0,Rock
3191,MSC_56252.0,Rap
3192,MSC_73044.0,Classical
3193,MSC_25674.0,Jazz
3194,MSC_62377.0,Classical
3195,MSC_79469.0,Rock
3196,MSC_65502.0,Jazz
3197,MSC_48861.0,Rock
3198,MSC_77944.0,Rock
3199,MSC_59104.0,Classical
3200,MSC_53685.0,Rap
3201,MSC_40508.0,Rock
3202,MSC_56053.0,Classical
3203,MSC_82006.0,Rock
3204,MSC_51288.0,Jazz
3205,MSC_90087.0,Rock
3206,MSC_75561.0,Classical
3207,MSC_80494.0,Classical
3208,MSC_67399.0,Jazz
3209,MSC_80384.0,Jazz
3210,MSC_40130.0,Rap
3211,MSC_27199.0,Rap
3212,MSC_32985.0,Rap
3213,MSC_30394.0,Classical
3214,MSC_72385.0,Rap
3215,MSC_80060.0,Rock
3216,MSC_23504.0,Classical
3217,MSC_35965.0,Classical
3218,MSC_79644.0,Classical
3219,MSC_75659.0,Rock
3220,MSC_48686.0,Classical
3221,MSC_61267.0,Jazz
3222,MSC_76563.0,Rock
3223,MSC_71756.0,Jazz
3224,MSC_64548.0,Classical
3225,MSC_29407.0,Rap
3226,MSC_58865.0,Rap
3227,MSC_51603.0,Rock
3228,MSC_60358.0,Rap
3229,MSC_89921.0,Rock
3230,MSC_77079.0,Rock
3231,MSC_29257.0,Rock
3232,MSC_68921.0,Rap
3233,MSC_59458.0,Jazz
3234,MSC_71919.0,Classical
3235,MSC_46082.0,Rock
3236,MSC_42032.0,Rap
3237,MSC_48862.0,Jazz
3238,MSC_62324.0,Classical
3239,MSC_83319.0,Rap
3240,MSC_83553.0,Jazz
3241,MSC_29839.0,Jazz
3242,MSC_60659.0,Rock
3243,MSC_25217.0,Classical
3244,MSC_62229.0,Classical
3245,MSC_28933.0,Jazz
3246,MSC_50515.0,Rock
3247,MSC_68398.0,Rap
3248,MSC_88264.0,Country
3249,MSC_44610.0,Rap
3250,MSC_88514.0,Classical
3251,MSC_76427.0,Jazz
3252,MSC_45103.0,Rock
3253,MSC_39132.0,Classical
3254,MSC_70778.0,Rock
3255,MSC_80324.0,Rock
3256,MSC_81217.0,Rap
3257,MSC_82886.0,Rock
3258,MSC_66167.0,Rap
3259,MSC_69172.0,Classical
3260,MSC_70046.0,Rock
3261,MSC_64648.0,Jazz
3262,MSC_58148.0,Jazz
3263,MSC_82226.0,Rap
3264,MSC_38937.0,Classical
3265,MSC_24729.0,Jazz
3266,MSC_24353.0,Classical
3267,MSC_51065.0,Rock
3268,MSC_20671.0,Rock
3269,MSC_58774.0,Rock
3270,MSC_36271.0,Rap
3271,MSC_29061.0,Electronic
3272,MSC_53693.0,Classical
3273,MSC_56710.0,Rock
3274,MSC_75878.0,Jazz
3275,MSC_78898.0,Rock
3276,MSC_81862.0,Rock
3277,MSC_38234.0,Rock
3278,MSC_53855.0,Classical
3279,MSC_54364.0,Rock
3280,MSC_29271.0,Classical
3281,MSC_62261.0,Classical
3282,MSC_73844.0,Rock
3283,MSC_33195.0,Classical
3284,MSC_22313.0,Rock
3285,MSC_64799.0,Rock
3286,MSC_47311.0,Rap
3287,MSC_75030.0,Jazz
3288,MSC_36015.0,Rap
3289,MSC_56196.0,Jazz
3290,MSC_20200.0,Rock
3291,MSC_76402.0,Rap
3292,MSC_69611.0,Classical
3293,MSC_79688.0,Rock
3294,MSC_21528.0,Rock
3295,MSC_69094.0,Rock
3296,MSC_56563.0,Jazz
3297,MSC_25743.0,Rock
3298,MSC_55982.0,Rap
3299,MSC_91159.0,Classical
3300,MSC_79333.0,Classical
3301,MSC_37808.0,Jazz
3302,MSC_55959.0,Classical
3303,MSC_83706.0,Jazz
3304,MSC_28122.0,Classical
3305,MSC_69449.0,Classical
3306,MSC_69720.0,Jazz
3307,MSC_26857.0,Classical
3308,MSC_80784.0,Jazz
3309,MSC_29264.0,Classical
3310,MSC_69315.0,Rock
3311,MSC_26136.0,Rock
3312,MSC_48273.0,Classical
3313,MSC_64180.0,Classical
3314,MSC_82850.0,Rock
3315,MSC_59762.0,Jazz
3316,MSC_25169.0,Classical
3317,MSC_46994.0,Rap
3318,MSC_79426.0,Jazz
3319,MSC_71992.0,Rap
3320,MSC_86836.0,Rock
3321,MSC_37334.0,Classical
3322,MSC_27862.0,Jazz
3323,MSC_55200.0,Classical
3324,MSC_59694.0,Classical
3325,MSC_90812.0,Rock
3326,MSC_74800.0,Rock
3327,MSC_77817.0,Classical
3328,MSC_73519.0,Rap
3329,MSC_82215.0,Rap
3330,MSC_72717.0,Rock
3331,MSC_86527.0,Rock
3332,MSC_46162.0,Classical
3333,MSC_77398.0,Rap
3334,MSC_28882.0,Classical
3335,MSC_43852.0,Jazz
3336,MSC_31768.0,Classical
3337,MSC_78640.0,Classical
3338,MSC_29597.0,Rap
3339,MSC_43215.0,Jazz
3340,MSC_47870.0,Classical
3341,MSC_49498.0,Classical
3342,MSC_54542.0,Jazz
3343,MSC_23265.0,Rock
3344,MSC_59470.0,Classical
3345,MSC_37321.0,Rap
3346,MSC_69457.0,Classical
3347,MSC_78928.0,Rap
3348,MSC_48415.0,Rock
3349,MSC_49534.0,Classical
3350,MSC_48287.0,Jazz
3351,MSC_23690.0,Rock
3352,MSC_73174.0,Rap
3353,MSC_33767.0,Rap
3354,MSC_77423.0,Jazz
3355,MSC_81908.0,Rock
3356,MSC_44802.0,Jazz
3357,MSC_54097.0,Classical
3358,MSC_46820.0,Classical
3359,MSC_67653.0,Jazz
3360,MSC_63918.0,Rap
3361,MSC_51132.0,Classical
3362,MSC_80184.0,Jazz
3363,MSC_59200.0,Rock
3364,MSC_26871.0,Classical
3365,MSC_68255.0,Jazz
3366,MSC_66980.0,Rock
3367,MSC_80401.0,Rock
3368,MSC_85916.0,Rap
3369,MSC_37879.0,Jazz
3370,MSC_77686.0,Classical
3371,MSC_77296.0,Jazz
3372,MSC_22995.0,Rap
3373,MSC_27954.0,Rap
3374,MSC_47392.0,Classical
3375,MSC_68956.0,Rock
3376,MSC_65592.0,Rap
3377,MSC_89489.0,Rock
3378,MSC_63733.0,Rock
3379,MSC_83321.0,Rap
3380,MSC_42223.0,Rock
3381,MSC_68853.0,Jazz
3382,MSC_26022.0,Rap
3383,MSC_75160.0,Rock
3384,MSC_20285.0,Rock
3385,MSC_80608.0,Rock
3386,MSC_23145.0,Rap
3387,MSC_40470.0,Rap
3388,MSC_83668.0,Jazz
3389,MSC_50596.0,Classical
3390,MSC_71015.0,Rock
3391,MSC_38740.0,Rock
3392,MSC_90691.0,Rock
3393,MSC_51995.0,Rock
3394,MSC_73572.0,Jazz
3395,MSC_43612.0,Classical
3396,MSC_64036.0,Rap
3397,MSC_45266.0,Rock
3398,MSC_91674.0,Classical
3399,MSC_29450.0,Classical
3400,MSC_91351.0,Jazz
3401,MSC_65745.0,Rap
3402,MSC_32696.0,Rock
3403,MSC_42015.0,Rap
3404,MSC_90876.0,Rap
3405,MSC_39740.0,Jazz
3406,MSC_78152.0,Rock
3407,MSC_64152.0,Jazz
3408,MSC_51880.0,Classical
3409,MSC_72877.0,Jazz
3410,MSC_33369.0,Rock
3411,MSC_35989.0,Rock
3412,MSC_79128.0,Rock
3413,MSC_47499.0,Rap
3414,MSC_67836.0,Rap
3415,MSC_65900.0,Classical
3416,MSC_62159.0,Rock
3417,MSC_23976.0,Classical
3418,MSC_28117.0,Rock
3419,MSC_77506.0,Jazz
3420,MSC_68913.0,Rock
3421,MSC_49670.0,Jazz
3422,MSC_30291.0,Rap
3423,MSC_34829.0,Classical
3424,MSC_51128.0,Rap
3425,MSC_21370.0,Classical
3426,MSC_38858.0,Rock
3427,MSC_44671.0,Classical
3428,MSC_27950.0,Rock
3429,MSC_77589.0,Rock
3430,MSC_60052.0,Rap
3431,MSC_63431.0,Electronic
3432,MSC_72842.0,Rock
3433,MSC_61415.0,Classical
3434,MSC_32877.0,Rock
3435,MSC_49734.0,Rap
3436,MSC_36499.0,Jazz
3437,MSC_76264.0,Jazz
3438,MSC_34481.0,Jazz
3439,MSC_78762.0,Rock
3440,MSC_66988.0,Rock
3441,MSC_51083.0,Classical
3442,MSC_69672.0,Rock
3443,MSC_31506.0,Rap
3444,MSC_69439.0,Classical
3445,MSC_35065.0,Rap
3446,MSC_81405.0,Rock
3447,MSC_89040.0,Classical
3448,MSC_73067.0,Jazz
3449,MSC_28031.0,Jazz
3450,MSC_36632.0,Rock
3451,MSC_49447.0,Jazz
3452,MSC_21415.0,Rap
3453,MSC_34097.0,Jazz
3454,MSC_20064.0,Jazz
3455,MSC_52938.0,Rock
3456,MSC_41477.0,Rock
3457,MSC_44032.0,Rap
3458,MSC_24062.0,Jazz
3459,MSC_34854.0,Country
3460,MSC_57213.0,Classical
3461,MSC_47629.0,Jazz
3462,MSC_52094.0,Classical
3463,MSC_80314.0,Classical
3464,MSC_21818.0,Jazz
3465,MSC_57157.0,Rap
3466,MSC_79055.0,Classical
3467,MSC_24238.0,Rap
3468,MSC_50854.0,Jazz
3469,MSC_31089.0,Rap
3470,MSC_90283.0,Rap
3471,MSC_81664.0,Classical
3472,MSC_78079.0,Rock
3473,MSC_53515.0,Rap
3474,MSC_47736.0,Rock
3475,MSC_74460.0,Jazz
3476,MSC_25292.0,Jazz
3477,MSC_70582.0,Rock
3478,MSC_37534.0,Jazz
3479,MSC_77238.0,Classical
3480,MSC_71093.0,Rock
3481,MSC_39894.0,Rock
3482,MSC_54147.0,Rock
3483,MSC_54986.0,Rap
3484,MSC_25457.0,Classical
3485,MSC_51063.0,Rap
3486,MSC_58878.0,Rap
3487,MSC_45721.0,Rap
3488,MSC_62507.0,Rap
3489,MSC_27187.0,Jazz
3490,MSC_48002.0,Rap
3491,MSC_73221.0,Rock
3492,MSC_46900.0,Rock
3493,MSC_26843.0,Rock
3494,MSC_52733.0,Rock
3495,MSC_27358.0,Rap
3496,MSC_53432.0,Rap
3497,MSC_26051.0,Rap
3498,MSC_30773.0,Rap
3499,MSC_33928.0,Jazz
3500,MSC_79479.0,Jazz
3501,MSC_82114.0,Jazz
3502,MSC_67729.0,Rock
3503,MSC_41723.0,Rock
3504,MSC_65223.0,Rock
3505,MSC_82336.0,Classical
3506,MSC_37555.0,Rock
3507,MSC_70411.0,Classical
3508,MSC_22993.0,Rock
3509,MSC_37938.0,Classical
3510,MSC_88970.0,Rap
3511,MSC_58347.0,Classical
3512,MSC_36979.0,Classical
3513,MSC_82862.0,Jazz
3514,MSC_43328.0,Jazz
3515,MSC_47818.0,Classical
3516,MSC_46705.0,Rock
3517,MSC_75387.0,Rock
3518,MSC_26956.0,Rock
3519,MSC_58502.0,Rock
3520,MSC_23029.0,Rock
3521,MSC_85263.0,Jazz
3522,MSC_54132.0,Rock
3523,MSC_79009.0,Classical
3524,MSC_24675.0,Rock
3525,MSC_89683.0,Rock
3526,MSC_75082.0,Classical
3527,MSC_87667.0,Classical
3528,MSC_36256.0,Jazz
3529,MSC_23996.0,Rock
3530,MSC_82437.0,Rock
3531,MSC_33926.0,Classical
3532,MSC_39693.0,Classical
3533,MSC_29268.0,Rap
3534,MSC_46200.0,Rock
3535,MSC_88417.0,Jazz
3536,MSC_41866.0,Rock
3537,MSC_24407.0,Rock
3538,MSC_55446.0,Classical
3539,MSC_27773.0,Classical
3540,MSC_52841.0,Rap
3541,MSC_75333.0,Jazz
3542,MSC_91653.0,Classical
3543,MSC_25783.0,Rock
3544,MSC_66061.0,Classical
3545,MSC_62929.0,Jazz
3546,MSC_36124.0,Jazz
3547,MSC_36903.0,Jazz
3548,MSC_41218.0,Jazz
3549,MSC_44742.0,Rock
3550,MSC_37934.0,Jazz
3551,MSC_86023.0,Classical
3552,MSC_77264.0,Jazz
3553,MSC_50414.0,Rock
3554,MSC_66003.0,Classical
3555,MSC_39375.0,Rock
3556,MSC_22622.0,Electronic
3557,MSC_79718.0,Rock
3558,MSC_64136.0,Rap
3559,MSC_37461.0,Rock
3560,MSC_86874.0,Rap
3561,MSC_41217.0,Rap
3562,MSC_64879.0,Jazz
3563,MSC_23749.0,Rap
3564,MSC_27588.0,Classical
3565,MSC_75796.0,Classical
3566,MSC_62223.0,Rock
3567,MSC_68809.0,Rock
3568,MSC_33579.0,Classical
3569,MSC_73060.0,Rap
3570,MSC_24007.0,Rap
3571,MSC_56460.0,Classical
3572,MSC_74994.0,Rock
3573,MSC_29103.0,Rap
3574,MSC_40539.0,Jazz
3575,MSC_52099.0,Rap
3576,MSC_56368.0,Classical
3577,MSC_74222.0,Rock
3578,MSC_91443.0,Rock
3579,MSC_65297.0,Rock
3580,MSC_30560.0,Classical
3581,MSC_38348.0,Jazz
3582,MSC_44218.0,Classical
3583,MSC_28602.0,Classical
3584,MSC_46325.0,Jazz
3585,MSC_34221.0,Jazz
3586,MSC_61051.0,Classical
3587,MSC_91096.0,Rock
3588,MSC_81080.0,Rap
3589,MSC_66398.0,Rap
3590,MSC_30334.0,Classical
3591,MSC_23978.0,Rap
3592,MSC_85238.0,Rap
3593,MSC_45707.0,Rap
3594,MSC_83102.0,Jazz
3595,MSC_87385.0,Rock
3596,MSC_41843.0,Classical
3597,MSC_54819.0,Jazz
3598,MSC_45378.0,Rock
3599,MSC_74186.0,Rock
3600,MSC_38183.0,Jazz
3601,MSC_57720.0,Rock
3602,MSC_45677.0,Rock
3603,MSC_67436.0,Classical
3604,MSC_31901.0,Rock
3605,MSC_44496.0,Rock
3606,MSC_76083.0,Rock
3607,MSC_21211.0,Rock
3608,MSC_80172.0,Rap
3609,MSC_70848.0,Classical
3610,MSC_32498.0,Rap
3611,MSC_32797.0,Jazz
3612,MSC_32443.0,Rock
3613,MSC_79859.0,Classical
3614,MSC_68758.0,Classical
3615,MSC_22684.0,Rock
3616,MSC_24559.0,Classical
3617,MSC_21530.0,Rock
3618,MSC_54033.0,Rock
3619,MSC_84809.0,Rap
3620,MSC_63232.0,Rap
3621,MSC_88708.0,Rap
3622,MSC_43227.0,Classical
3623,MSC_49256.0,Rock
3624,MSC_28593.0,Classical
3625,MSC_20721.0,Jazz
3626,MSC_25229.0,Classical
3627,MSC_31440.0,Classical
3628,MSC_26722.0,Classical
3629,MSC_77273.0,Rock
3630,MSC_35658.0,Jazz
3631,MSC_68753.0,Classical
3632,MSC_57207.0,Rap
3633,MSC_76879.0,Jazz
3634,MSC_33684.0,Rock
3635,MSC_44907.0,Classical
3636,MSC_20586.0,Jazz
3637,MSC_44056.0,Jazz
3638,MSC_57334.0,Jazz
3639,MSC_54003.0,Jazz
3640,MSC_86647.0,Jazz
3641,MSC_69896.0,Classical
3642,MSC_57383.0,Jazz
3643,MSC_59916.0,Rap
3644,MSC_31339.0,Rock
3645,MSC_59944.0,Rock
3646,MSC_20914.0,Rap
3647,MSC_24387.0,Rap
3648,MSC_35728.0,Rock
3649,MSC_32349.0,Classical
3650,MSC_74562.0,Rap
3651,MSC_45655.0,Jazz
3652,MSC_77875.0,Classical
3653,MSC_79410.0,Rock
3654,MSC_30697.0,Rap
3655,MSC_61330.0,Classical
3656,MSC_86580.0,Rap
3657,MSC_66544.0,Rock
3658,MSC_83749.0,Classical
3659,MSC_44790.0,Rap
3660,MSC_56253.0,Rap
3661,MSC_31618.0,Classical
3662,MSC_84827.0,Classical
3663,MSC_86867.0,Rock
3664,MSC_58827.0,Jazz
3665,MSC_33166.0,Classical
3666,MSC_65160.0,Rap
3667,MSC_21347.0,Rap
3668,MSC_73325.0,Classical
3669,MSC_53968.0,Jazz
3670,MSC_28461.0,Classical
3671,MSC_43615.0,Jazz
3672,MSC_20045.0,Classical
3673,MSC_53085.0,Jazz
3674,MSC_60151.0,Classical
3675,MSC_62935.0,Rock
3676,MSC_80573.0,Jazz
3677,MSC_68569.0,Rap
3678,MSC_48650.0,Classical
3679,MSC_76201.0,Rap
3680,MSC_72307.0,Classical
3681,MSC_22151.0,Classical
3682,MSC_23694.0,Classical
3683,MSC_40197.0,Rap
3684,MSC_35018.0,Jazz
3685,MSC_43267.0,Classical
3686,MSC_58203.0,Rock
3687,MSC_81294.0,Jazz
3688,MSC_43216.0,Rock
3689,MSC_54866.0,Classical
3690,MSC_83677.0,Rock
3691,MSC_34105.0,Classical
3692,MSC_70262.0,Electronic
3693,MSC_69052.0,Rock
3694,MSC_58815.0,Rock
3695,MSC_25627.0,Classical
3696,MSC_67018.0,Rock
3697,MSC_49990.0,Classical
3698,MSC_68962.0,Rap
3699,MSC_87455.0,Jazz
3700,MSC_49303.0,Jazz
3701,MSC_83784.0,Rap
3702,MSC_21520.0,Jazz
3703,MSC_39408.0,Rock
3704,MSC_39652.0,Classical
3705,MSC_54486.0,Classical
3706,MSC_77204.0,Rock
3707,MSC_91525.0,Classical
3708,MSC_34841.0,Rock
3709,MSC_30589.0,Rap
3710,MSC_38391.0,Jazz
3711,MSC_55636.0,Classical
3712,MSC_67714.0,Classical
3713,MSC_37423.0,Jazz
3714,MSC_30031.0,Rock
3715,MSC_45071.0,Classical
3716,MSC_90854.0,Classical
3717,MSC_55881.0,Electronic
3718,MSC_47262.0,Classical
3719,MSC_71470.0,Rock
3720,MSC_45635.0,Jazz
3721,MSC_90184.0,Rap
3722,MSC_70199.0,Rock
3723,MSC_79063.0,Rap
3724,MSC_70296.0,Jazz
3725,MSC_44165.0,Rap
3726,MSC_62014.0,Classical
3727,MSC_82549.0,Rock
3728,MSC_84361.0,Jazz
3729,MSC_20008.0,Rock
3730,MSC_23099.0,Jazz
3731,MSC_22421.0,Rock
3732,MSC_76855.0,Rap
3733,MSC_59721.0,Classical
3734,MSC_72191.0,Rock
3735,MSC_27968.0,Classical
3736,MSC_36743.0,Jazz
3737,MSC_61531.0,Classical
3738,MSC_66487.0,Rock
3739,MSC_87691.0,Jazz
3740,MSC_25391.0,Rap
3741,MSC_48565.0,Rock
3742,MSC_64521.0,Rap
3743,MSC_26145.0,Jazz
3744,MSC_48194.0,Jazz
3745,MSC_56874.0,Jazz
3746,MSC_66092.0,Rap
3747,MSC_70136.0,Rap
3748,MSC_72129.0,Jazz
3749,MSC_61498.0,Jazz
3750,MSC_83160.0,Rap
3751,MSC_23373.0,Classical
3752,MSC_24582.0,Rock
3753,MSC_68303.0,Classical
3754,MSC_60678.0,Rap
3755,MSC_52499.0,Rock
3756,MSC_31804.0,Jazz
3757,MSC_65458.0,Rap
3758,MSC_22175.0,Jazz
3759,MSC_84823.0,Rock
3760,MSC_28257.0,Classical
3761,MSC_69128.0,Rock
3762,MSC_88705.0,Classical
3763,MSC_57904.0,Rap
3764,MSC_59665.0,Country
3765,MSC_33647.0,Rock
3766,MSC_53355.0,Jazz
3767,MSC_85562.0,Jazz
3768,MSC_79678.0,Rap
3769,MSC_67053.0,Classical
3770,MSC_71720.0,Rap
3771,MSC_23083.0,Jazz
3772,MSC_20524.0,Rap
3773,MSC_52357.0,Rap
3774,MSC_31033.0,Rock
3775,MSC_26175.0,Jazz
3776,MSC_54308.0,Rap
3777,MSC_41958.0,Rap
3778,MSC_65290.0,Jazz
3779,MSC_59505.0,Jazz
3780,MSC_82043.0,Jazz
3781,MSC_64551.0,Classical
3782,MSC_50633.0,Jazz
3783,MSC_74010.0,Rap
3784,MSC_74277.0,Rock
3785,MSC_20302.0,Rock
3786,MSC_62411.0,Rock
3787,MSC_43096.0,Rap
3788,MSC_74099.0,Jazz
3789,MSC_76192.0,Rock
3790,MSC_51680.0,Rock
3791,MSC_86057.0,Rock
3792,MSC_35526.0,Rock
3793,MSC_69532.0,Classical
3794,MSC_78797.0,Rap
3795,MSC_84189.0,Classical
3796,MSC_64527.0,Jazz
3797,MSC_60511.0,Rock
3798,MSC_84607.0,Rap
3799,MSC_22091.0,Rap
3800,MSC_46889.0,Rock
3801,MSC_34706.0,Classical
3802,MSC_25713.0,Rock
3803,MSC_53186.0,Classical
3804,MSC_42462.0,Rap
3805,MSC_69882.0,Rock
3806,MSC_85442.0,Classical
3807,MSC_82787.0,Rap
3808,MSC_34364.0,Classical
3809,MSC_44548.0,Rap
3810,MSC_49640.0,Jazz
3811,MSC_24236.0,Rock
3812,MSC_37578.0,Rap
3813,MSC_88602.0,Rock
3814,MSC_87401.0,Rap
3815,MSC_20839.0,Jazz
3816,MSC_28440.0,Rap
3817,MSC_29975.0,Classical
3818,MSC_47051.0,Rock
3819,MSC_37955.0,Classical
3820,MSC_60200.0,Jazz
3821,MSC_33778.0,Rap
3822,MSC_45210.0,Classical
3823,MSC_56251.0,Rock
3824,MSC_35237.0,Rock
3825,MSC_87420.0,Jazz
3826,MSC_77714.0,Jazz
3827,MSC_81525.0,Rock
3828,MSC_79013.0,Classical
3829,MSC_68260.0,Rock
3830,MSC_57380.0,Rap
3831,MSC_61240.0,Electronic
3832,MSC_42025.0,Rock
3833,MSC_83114.0,Jazz
3834,MSC_38867.0,Jazz
3835,MSC_22373.0,Rock
3836,MSC_63861.0,Jazz
3837,MSC_78703.0,Rap
3838,MSC_35332.0,Rap
3839,MSC_47114.0,Rock
3840,MSC_53122.0,Jazz
3841,MSC_83139.0,Jazz
3842,MSC_64502.0,Rock
3843,MSC_82750.0,Rap
3844,MSC_41991.0,Classical
3845,MSC_39060.0,Rap
3846,MSC_52704.0,Rap
3847,MSC_38290.0,Jazz
3848,MSC_79138.0,Jazz
3849,MSC_71444.0,Classical
3850,MSC_89256.0,Jazz
3851,MSC_31373.0,Rock
3852,MSC_57796.0,Classical
3853,MSC_42834.0,Rock
3854,MSC_49123.0,Rock
3855,MSC_72103.0,Rock
3856,MSC_71874.0,Classical
3857,MSC_32690.0,Rock
3858,MSC_62253.0,Rock
3859,MSC_31304.0,Rap
3860,MSC_54156.0,Classical
3861,MSC_76916.0,Rock
3862,MSC_67707.0,Rap
3863,MSC_62804.0,Rock
3864,MSC_62290.0,Classical
3865,MSC_78567.0,Classical
3866,MSC_33769.0,Rock
3867,MSC_27784.0,Classical
3868,MSC_24542.0,Rock
3869,MSC_56349.0,Classical
3870,MSC_58756.0,Jazz
3871,MSC_78019.0,Jazz
3872,MSC_55049.0,Jazz
3873,MSC_31629.0,Rock
3874,MSC_52635.0,Rock
3875,MSC_83685.0,Classical
3876,MSC_74778.0,Rap
3877,MSC_31307.0,Classical
3878,MSC_90559.0,Jazz
3879,MSC_48059.0,Rock
3880,MSC_27677.0,Rock
3881,MSC_68716.0,Rap
3882,MSC_34586.0,Rock
3883,MSC_66893.0,Classical
3884,MSC_56143.0,Classical
3885,MSC_72895.0,Rap
3886,MSC_77887.0,Rap
3887,MSC_23235.0,Classical
3888,MSC_37391.0,Rap
3889,MSC_34614.0,Jazz
3890,MSC_65491.0,Rock
3891,MSC_84951.0,Jazz
3892,MSC_43346.0,Rap
3893,MSC_72691.0,Rap
3894,MSC_41394.0,Rock
3895,MSC_48111.0,Classical
3896,MSC_62404.0,Rock
3897,MSC_74044.0,Rap
3898,MSC_37065.0,Classical
3899,MSC_79897.0,Classical
3900,MSC_74106.0,Rap
3901,MSC_78177.0,Rock
3902,MSC_82710.0,Jazz
3903,MSC_57358.0,Classical
3904,MSC_86708.0,Rock
3905,MSC_90023.0,Jazz
3906,MSC_42450.0,Rock
3907,MSC_73384.0,Rap
3908,MSC_52321.0,Rock
3909,MSC_89961.0,Jazz
3910,MSC_50766.0,Rock
3911,MSC_28619.0,Rock
3912,MSC_65597.0,Rock
3913,MSC_66056.0,Rock
3914,MSC_57785.0,Rock
3915,MSC_30437.0,Classical
3916,MSC_80955.0,Classical
3917,MSC_72767.0,Rock
3918,MSC_40192.0,Classical
3919,MSC_56067.0,Rock
3920,MSC_90169.0,Jazz
